allele,gene,rsid,chr,pos,dataset
*10,CYP3A4,rs4986908,7,99769769,1000G 30x Modified
*38,CYP3A4,rs67784355,7,99762206,1000G 30x Modified
*12,CYP3A4,rs12721629,7,99762177,1000G 30x Modified
*13,CYP3A4,rs4986909,7,99762047,1000G 30x Modified
*14,CYP3A4,rs12721634,7,99784038,1000G 30x Modified
*15,CYP3A4,rs4986907,7,99769804,1000G 30x Modified
*16,CYP3A4,rs12721627,7,99768470,1000G 30x Modified
*17,CYP3A4,rs4987161,7,99768458,1000G 30x Modified
*18,CYP3A4,rs28371759,7,99764003,1000G 30x Modified
*19,CYP3A4,rs4986913,7,99760836,1000G 30x Modified
*2,CYP3A4,rs55785340,7,99768360,1000G 30x Modified
*20,CYP3A4,rs67666821,7,99758188,1000G 30x Modified
*21,CYP3A4,rs201821708,7,99763925,1000G 30x Modified
*37,CYP3A4,rs35599367,7,99768693,1000G 30x Modified
*23,CYP3A4,rs57409622,7,99769805,1000G 30x Modified
*24,CYP3A4,rs113667357,7,99768424,1000G 30x Modified
*26,CYP3A4,rs138105638,7,99766440,1000G 30x Modified
*28,CYP3A4,rs570051168,7,99784018,1000G 30x Modified
*29,CYP3A4,rs1449865051,7,99770217,1000G 30x Modified
*38,CYP3A4,rs4986910,7,99760901,1000G 30x Modified
*30,CYP3A4,rs778013004,7,99770166,1000G 30x Modified
*31,CYP3A4,rs1303250043,7,99763909,1000G 30x Modified
*32,CYP3A4,rs368296206,7,99763877,1000G 30x Modified
*33,CYP3A4,rs756833413,7,99762186,1000G 30x Modified
*34,CYP3A4,rs774109750,7,99760956,1000G 30x Modified
*35,CYP3A4,rs188389063,7,99784075,1000G 30x Modified
*38,CYP3A4,rs4986910,7,99760901,1000G 30x Modified
*37,CYP3A4,rs35599367,7,99768693,1000G 30x Modified
*38,CYP3A4,rs4986910,7,99760901,1000G 30x Modified
*38,CYP3A4,rs67784355,7,99762206,1000G 30x Modified
*4,CYP3A4,rs55951658,7,99770202,1000G 30x Modified
*5,CYP3A4,rs55901263,7,99768371,1000G 30x Modified
*6,CYP3A4,rs4646438,7,99766412,1000G 30x Modified
*7,CYP3A4,rs56324128,7,99778079,1000G 30x Modified
*8,CYP3A4,rs72552799,7,99770165,1000G 30x Modified
*9,CYP3A4,rs72552798,7,99769781,1000G 30x Modified
*3,CYP3A5,rs776746,7,99672916,1000G 30x Modified
*6,CYP3A5,rs10264272,7,99665212,1000G 30x Modified
*7,CYP3A5,rs41303343,7,99652770,1000G 30x Modified
*8,CYP3A5,rs55817950,7,99676198,1000G 30x Modified
*9,CYP3A5,rs28383479,7,99660516,1000G 30x Modified
*39,CYP2C19,rs3758581,10,94842866,1000G 30x Modified
*10,CYP2C19,rs6413438,10,94781858,1000G 30x Modified
*39,CYP2C19,rs3758581,10,94842866,1000G 30x Modified
*11,CYP2C19,rs58973490,10,94775507,1000G 30x Modified
*39,CYP2C19,rs3758581,10,94842866,1000G 30x Modified
*39,CYP2C19,rs3758581,10,94842866,1000G 30x Modified
*12,CYP2C19,rs55640102,10,94852914,1000G 30x Modified
*39,CYP2C19,rs3758581,10,94842866,1000G 30x Modified
*13,CYP2C19,rs17879685,10,94849995,1000G 30x Modified
*14,CYP2C19,rs55752064,10,94762755,1000G 30x Modified
*39,CYP2C19,rs3758581,10,94842866,1000G 30x Modified
*39,CYP2C19,rs17882687,10,94762760,1000G 30x Modified
*39,CYP2C19,rs3758581,10,94842866,1000G 30x Modified
*16,CYP2C19,rs192154563,10,94852765,1000G 30x Modified
*17,CYP2C19,rs12248560,10,94761900,1000G 30x Modified
*39,CYP2C19,rs3758581,10,94842866,1000G 30x Modified
*18,CYP2C19,rs138142612,10,94842861,1000G 30x Modified
*39,CYP2C19,rs3758581,10,94842866,1000G 30x Modified
*19,CYP2C19,rs1564657013,10,94762856,1000G 30x Modified
*39,CYP2C19,rs3758581,10,94842866,1000G 30x Modified
*35,CYP2C19,rs12769205,10,94775367,1000G 30x Modified
*2,CYP2C19,rs4244285,10,94781859,1000G 30x Modified
*39,CYP2C19,rs3758581,10,94842866,1000G 30x Modified
*22,CYP2C19,rs140278421,10,94780574,1000G 30x Modified
*39,CYP2C19,rs3758581,10,94842866,1000G 30x Modified
*23,CYP2C19,rs118203756,10,94775160,1000G 30x Modified
*39,CYP2C19,rs3758581,10,94842866,1000G 30x Modified
*39,CYP2C19,rs3758581,10,94842866,1000G 30x Modified
*24,CYP2C19,rs118203757,10,94842879,1000G 30x Modified
*39,CYP2C19,rs3758581,10,94842866,1000G 30x Modified
*25,CYP2C19,rs118203759,10,94852785,1000G 30x Modified
*26,CYP2C19,rs375781227,10,94781944,1000G 30x Modified
*39,CYP2C19,rs3758581,10,94842866,1000G 30x Modified
*39,CYP2C19,rs17882687,10,94762760,1000G 30x Modified
*39,CYP2C19,rs3758581,10,94842866,1000G 30x Modified
*28,CYP2C19,rs113934938,10,94842995,1000G 30x Modified
*29,CYP2C19,rs1564656981,10,94762788,1000G 30x Modified
*39,CYP2C19,rs3758581,10,94842866,1000G 30x Modified
*3,CYP2C19,rs4986893,10,94780653,1000G 30x Modified
*39,CYP2C19,rs3758581,10,94842866,1000G 30x Modified
*30,CYP2C19,rs145328984,10,94775106,1000G 30x Modified
*31,CYP2C19,rs1564660997,10,94775121,1000G 30x Modified
*39,CYP2C19,rs3758581,10,94842866,1000G 30x Modified
*32,CYP2C19,rs1288601658,10,94775185,1000G 30x Modified
*39,CYP2C19,rs3758581,10,94842866,1000G 30x Modified
*33,CYP2C19,rs370803989,10,94780579,1000G 30x Modified
*39,CYP2C19,rs3758581,10,94842866,1000G 30x Modified
*34,CYP2C19,rs367543002,10,94762712,1000G 30x Modified
*34,CYP2C19,rs367543003,10,94762715,1000G 30x Modified
*35,CYP2C19,rs12769205,10,94775367,1000G 30x Modified
*39,CYP2C19,rs3758581,10,94842866,1000G 30x Modified
*39,CYP2C19,rs17882687,10,94762760,1000G 30x Modified
*39,CYP2C19,rs17885179,10,94775423,1000G 30x Modified
*39,CYP2C19,rs3758581,10,94842866,1000G 30x Modified
*4,CYP2C19,rs28399504,10,94762706,1000G 30x Modified
*39,CYP2C19,rs3758581,10,94842866,1000G 30x Modified
*39,CYP2C19,rs3758581,10,94842866,1000G 30x Modified
*5,CYP2C19,rs56337013,10,94852738,1000G 30x Modified
*6,CYP2C19,rs72552267,10,94775453,1000G 30x Modified
*39,CYP2C19,rs3758581,10,94842866,1000G 30x Modified
*7,CYP2C19,rs72558186,10,94781999,1000G 30x Modified
*39,CYP2C19,rs3758581,10,94842866,1000G 30x Modified
*8,CYP2C19,rs41291556,10,94775416,1000G 30x Modified
*39,CYP2C19,rs3758581,10,94842866,1000G 30x Modified
*9,CYP2C19,rs17884712,10,94775489,1000G 30x Modified
*39,CYP2C19,rs3758581,10,94842866,1000G 30x Modified
*71,CYP2C9,rs9332130,10,94949280,1000G 30x Modified
*11,CYP2C9,rs28371685,10,94981224,1000G 30x Modified
*71,CYP2C9,rs9332239,10,94989020,1000G 30x Modified
*13,CYP2C9,rs72558187,10,94941958,1000G 30x Modified
*35,CYP2C9,rs72558189,10,94942234,1000G 30x Modified
*15,CYP2C9,rs72558190,10,94947782,1000G 30x Modified
*16,CYP2C9,rs72558192,10,94972179,1000G 30x Modified
*17,CYP2C9,.,10,94981365,1000G 30x Modified
*68,CYP2C9,rs1057910,10,94981296,1000G 30x Modified
*18,CYP2C9,rs72558193,10,94986073,1000G 30x Modified
*19,CYP2C9,rs769942899,10,94988917,1000G 30x Modified
*61,CYP2C9,rs1799853,10,94942290,1000G 30x Modified
*20,CYP2C9,rs371055887,10,94941897,1000G 30x Modified
*21,CYP2C9,rs142240658,10,94938771,1000G 30x Modified
*22,CYP2C9,rs2031308986,10,94938803,1000G 30x Modified
*23,CYP2C9,.,10,94941915,1000G 30x Modified
*24,CYP2C9,rs749060448,10,94981281,1000G 30x Modified
*25,CYP2C9,rs1304490498,10,94942213,1000G 30x Modified
*44,CYP2C9,rs200965026,10,94942249,1000G 30x Modified
*27,CYP2C9,rs7900194,10,94942309,1000G 30x Modified
*28,CYP2C9,rs2031531005,10,94947938,1000G 30x Modified
*29,CYP2C9,rs182132442,10,94972119,1000G 30x Modified
*68,CYP2C9,rs1057910,10,94981296,1000G 30x Modified
*30,CYP2C9,rs781583846,10,94988984,1000G 30x Modified
*31,CYP2C9,rs57505750,10,94981201,1000G 30x Modified
*32,CYP2C9,rs868182778,10,94989023,1000G 30x Modified
*33,CYP2C9,rs200183364,10,94942255,1000G 30x Modified
*34,CYP2C9,rs367826293,10,94981225,1000G 30x Modified
*35,CYP2C9,rs72558189,10,94942234,1000G 30x Modified
*61,CYP2C9,rs1799853,10,94942290,1000G 30x Modified
*36,CYP2C9,rs114071557,10,94938683,1000G 30x Modified
*37,CYP2C9,rs564813580,10,94938828,1000G 30x Modified
*38,CYP2C9,.,10,94941976,1000G 30x Modified
*39,CYP2C9,rs762239445,10,94941982,1000G 30x Modified
*4,CYP2C9,rs56165452,10,94981297,1000G 30x Modified
*40,CYP2C9,.,10,94942018,1000G 30x Modified
*41,CYP2C9,rs774607211,10,94942216,1000G 30x Modified
*42,CYP2C9,rs12414460,10,94942231,1000G 30x Modified
*43,CYP2C9,rs767576260,10,94942230,1000G 30x Modified
*44,CYP2C9,rs200965026,10,94942249,1000G 30x Modified
*45,CYP2C9,rs199523631,10,94942254,1000G 30x Modified
*46,CYP2C9,rs754487195,10,94942305,1000G 30x Modified
*47,CYP2C9,rs774550549,10,94947785,1000G 30x Modified
*48,CYP2C9,rs1326630788,10,94947917,1000G 30x Modified
*49,CYP2C9,.,10,94949129,1000G 30x Modified
*5,CYP2C9,rs28371686,10,94981301,1000G 30x Modified
*50,CYP2C9,.,10,94949144,1000G 30x Modified
*51,CYP2C9,.,10,94972134,1000G 30x Modified
*52,CYP2C9,rs988617574,10,94972180,1000G 30x Modified
*53,CYP2C9,rs1237225311,10,94972233,1000G 30x Modified
*54,CYP2C9,rs750820937,10,94981250,1000G 30x Modified
*55,CYP2C9,rs1250577724,10,94981302,1000G 30x Modified
*56,CYP2C9,rs764211126,10,94986042,1000G 30x Modified
*57,CYP2C9,.,10,94947907,1000G 30x Modified
*58,CYP2C9,rs1274535931,10,94981230,1000G 30x Modified
*59,CYP2C9,.,10,94988855,1000G 30x Modified
*6,CYP2C9,rs9332131,10,94949283,1000G 30x Modified
*60,CYP2C9,rs767284820,10,94988955,1000G 30x Modified
*61,CYP2C9,rs1799853,10,94942290,1000G 30x Modified
*61,CYP2C9,rs202201137,10,94988925,1000G 30x Modified
*62,CYP2C9,rs375805362,10,94942233,1000G 30x Modified
*63,CYP2C9,rs141489852,10,94942291,1000G 30x Modified
*64,CYP2C9,.,10,94972123,1000G 30x Modified
*65,CYP2C9,.,10,94981199,1000G 30x Modified
*66,CYP2C9,rs578144976,10,94981305,1000G 30x Modified
*67,CYP2C9,rs776908257,10,94988852,1000G 30x Modified
*68,CYP2C9,rs1057910,10,94981296,1000G 30x Modified
*68,CYP2C9,rs542577750,10,94981371,1000G 30x Modified
*69,CYP2C9,.,10,94947869,1000G 30x Modified
*7,CYP2C9,rs67807361,10,94938737,1000G 30x Modified
*70,CYP2C9,.,10,94988880,1000G 30x Modified
*71,CYP2C9,rs9332130,10,94949280,1000G 30x Modified
*71,CYP2C9,rs9332239,10,94989020,1000G 30x Modified
*72,CYP2C9,rs1289704600,10,94942306,1000G 30x Modified
*73,CYP2C9,rs17847037,10,94942308,1000G 30x Modified
*74,CYP2C9,rs370100007,10,94947939,1000G 30x Modified
*75,CYP2C9,rs1254213342,10,94986136,1000G 30x Modified
*76,CYP2C9,rs1364419386,10,94938800,1000G 30x Modified
*77,CYP2C9,.,10,94941975,1000G 30x Modified
*78,CYP2C9,rs1375956433,10,94942243,1000G 30x Modified
*79,CYP2C9,rs1297714792,10,94981258,1000G 30x Modified
*27,CYP2C9,rs7900194,10,94942309,1000G 30x Modified
*80,CYP2C9,.,10,94938719,1000G 30x Modified
*81,CYP2C9,.,10,94972183,1000G 30x Modified
*82,CYP2C9,rs772782449,10,94949145,1000G 30x Modified
*83,CYP2C9,.,10,94938788,1000G 30x Modified
*84,CYP2C9,rs1441296358,10,94986174,1000G 30x Modified
*9,CYP2C9,rs2256871,10,94949217,1000G 30x Modified
*12,SLCO1B1,rs56199088,12,21239077,1000G 30x Modified
*13,SLCO1B1,rs55737008,12,21239113,1000G 30x Modified
*12,SLCO1B1,rs56101265,12,21172782,1000G 30x Modified
*12,SLCO1B1,rs56199088,12,21239077,1000G 30x Modified
*13,SLCO1B1,rs56061388,12,21174595,1000G 30x Modified
*13,SLCO1B1,rs72559745,12,21176883,1000G 30x Modified
*13,SLCO1B1,rs55737008,12,21239113,1000G 30x Modified
*47,SLCO1B1,rs2306283,12,21176804,1000G 30x Modified
*43,SLCO1B1,rs11045819,12,21176879,1000G 30x Modified
*47,SLCO1B1,rs2306283,12,21176804,1000G 30x Modified
*47,SLCO1B1,rs4149056,12,21178615,1000G 30x Modified
*16,SLCO1B1,rs2306282,12,21176868,1000G 30x Modified
*40,SLCO1B1,rs34671512,12,21239042,1000G 30x Modified
*12,SLCO1B1,rs56101265,12,21172782,1000G 30x Modified
*47,SLCO1B1,rs2306283,12,21176804,1000G 30x Modified
*40,SLCO1B1,rs34671512,12,21239042,1000G 30x Modified
*23,SLCO1B1,rs373327528,12,21172776,1000G 30x Modified
*47,SLCO1B1,rs2306283,12,21176804,1000G 30x Modified
*44,SLCO1B1,rs11045852,12,21196951,1000G 30x Modified
*47,SLCO1B1,rs2306283,12,21176804,1000G 30x Modified
*43,SLCO1B1,rs11045819,12,21176879,1000G 30x Modified
*44,SLCO1B1,rs11045852,12,21196951,1000G 30x Modified
*33,SLCO1B1,rs11045853,12,21196976,1000G 30x Modified
*26,SLCO1B1,rs142965323,12,21202664,1000G 30x Modified
*47,SLCO1B1,rs2306283,12,21176804,1000G 30x Modified
*27,SLCO1B1,rs59113707,12,21202555,1000G 30x Modified
*47,SLCO1B1,rs2306283,12,21176804,1000G 30x Modified
*44,SLCO1B1,rs11045852,12,21196951,1000G 30x Modified
*33,SLCO1B1,rs11045853,12,21196976,1000G 30x Modified
*47,SLCO1B1,rs2306283,12,21176804,1000G 30x Modified
*29,SLCO1B1,rs140790673,12,21239158,1000G 30x Modified
*13,SLCO1B1,rs56061388,12,21174595,1000G 30x Modified
*13,SLCO1B1,rs72559745,12,21176883,1000G 30x Modified
*47,SLCO1B1,rs2306283,12,21176804,1000G 30x Modified
*30,SLCO1B1,rs79135870,12,21178957,1000G 30x Modified
*47,SLCO1B1,rs2306283,12,21176804,1000G 30x Modified
*31,SLCO1B1,rs59502379,12,21205999,1000G 30x Modified
*47,SLCO1B1,rs2306283,12,21176804,1000G 30x Modified
*43,SLCO1B1,rs11045819,12,21176879,1000G 30x Modified
*44,SLCO1B1,rs11045852,12,21196951,1000G 30x Modified
*33,SLCO1B1,rs139257324,12,21172734,1000G 30x Modified
*47,SLCO1B1,rs2306283,12,21176804,1000G 30x Modified
*44,SLCO1B1,rs11045852,12,21196951,1000G 30x Modified
*33,SLCO1B1,rs11045853,12,21196976,1000G 30x Modified
*34,SLCO1B1,rs200995543,12,21239145,1000G 30x Modified
*36,SLCO1B1,rs1228465562,12,21202553,1000G 30x Modified
*47,SLCO1B1,rs2306283,12,21176804,1000G 30x Modified
*38,SLCO1B1,.,12,21176871,1000G 30x Modified
*47,SLCO1B1,rs2306283,12,21176804,1000G 30x Modified
*39,SLCO1B1,rs183501729,12,21196975,1000G 30x Modified
*43,SLCO1B1,rs11045819,12,21176879,1000G 30x Modified
*47,SLCO1B1,rs4149056,12,21178615,1000G 30x Modified
*40,SLCO1B1,rs34671512,12,21239042,1000G 30x Modified
*41,SLCO1B1,rs77271279,12,21176898,1000G 30x Modified
*47,SLCO1B1,rs2306283,12,21176804,1000G 30x Modified
*42,SLCO1B1,rs141467543,12,21178612,1000G 30x Modified
*47,SLCO1B1,rs2306283,12,21176804,1000G 30x Modified
*43,SLCO1B1,rs11045819,12,21176879,1000G 30x Modified
*44,SLCO1B1,rs11045852,12,21196951,1000G 30x Modified
*44,SLCO1B1,rs74064213,12,21206031,1000G 30x Modified
*47,SLCO1B1,rs2306283,12,21176804,1000G 30x Modified
*44,SLCO1B1,rs11045852,12,21196951,1000G 30x Modified
*44,SLCO1B1,rs74064213,12,21206031,1000G 30x Modified
*46,SLCO1B1,rs71581941,12,21222355,1000G 30x Modified
*47,SLCO1B1,rs2306283,12,21176804,1000G 30x Modified
*47,SLCO1B1,rs4149056,12,21178615,1000G 30x Modified
*46,SLCO1B1,rs71581941,12,21222355,1000G 30x Modified
*47,SLCO1B1,rs2306283,12,21176804,1000G 30x Modified
*47,SLCO1B1,rs4149056,12,21178615,1000G 30x Modified
*47,SLCO1B1,rs72559747,12,21200544,1000G 30x Modified
*47,SLCO1B1,rs4149056,12,21178615,1000G 30x Modified
*6,SLCO1B1,rs55901008,12,21200595,1000G 30x Modified
*7,SLCO1B1,rs56387224,12,21202649,1000G 30x Modified
*8,SLCO1B1,rs72559748,12,21205921,1000G 30x Modified
*31,SLCO1B1,rs59502379,12,21205999,1000G 30x Modified
*10,NUDT15,rs769369441,13,48037748,1000G 30x Modified
*11,NUDT15,rs1950545307,13,48037885,1000G 30x Modified
*12,NUDT15,rs149436418,13,48037902,1000G 30x Modified
*13,NUDT15,rs761191455,13,48041104,1000G 30x Modified
*14,NUDT15,rs777311140,13,48037826,1000G 30x Modified
*15,NUDT15,rs139551410,13,48045771,1000G 30x Modified
*16,NUDT15,rs1202487323,13,48037834,1000G 30x Modified
*17,NUDT15,rs1368252918,13,48041113,1000G 30x Modified
*18,NUDT15,rs1457579126,13,48040982,1000G 30x Modified
*19,NUDT15,.,13,48037749,1000G 30x Modified
*9,NUDT15,rs746071566,13,48037796,1000G 30x Modified
*3,NUDT15,rs116855232,13,48045719,1000G 30x Modified
*20,NUDT15,rs768324690,13,48045690,1000G 30x Modified
*3,NUDT15,rs116855232,13,48045719,1000G 30x Modified
*4,NUDT15,rs147390019,13,48045720,1000G 30x Modified
*5,NUDT15,rs186364861,13,48037798,1000G 30x Modified
*9,NUDT15,rs746071566,13,48037796,1000G 30x Modified
*7,NUDT15,rs766023281,13,48037847,1000G 30x Modified
*8,NUDT15,.,13,48037849,1000G 30x Modified
*9,NUDT15,rs746071566,13,48037796,1000G 30x Modified
*10,CYP2B6,rs34883432,19,40991367,1000G 30x Modified
*10,CYP2B6,rs8192709,19,40991369,1000G 30x Modified
*11,CYP2B6,rs35303484,19,40991441,1000G 30x Modified
*12,CYP2B6,rs36060847,19,41004125,1000G 30x Modified
*13,CYP2B6,rs12721655,19,41004377,1000G 30x Modified
*43,CYP2B6,rs3745274,19,41006936,1000G 30x Modified
*43,CYP2B6,rs2279343,19,41009358,1000G 30x Modified
*14,CYP2B6,rs35773040,19,41004381,1000G 30x Modified
*15,CYP2B6,rs35979566,19,41012693,1000G 30x Modified
*17,CYP2B6,rs33973337,19,40991381,1000G 30x Modified
*17,CYP2B6,rs33980385,19,40991388,1000G 30x Modified
*18,CYP2B6,rs28399499,19,41012316,1000G 30x Modified
*43,CYP2B6,rs3745274,19,41006936,1000G 30x Modified
*43,CYP2B6,rs2279343,19,41009358,1000G 30x Modified
*19,CYP2B6,rs34826503,19,41012339,1000G 30x Modified
*10,CYP2B6,rs8192709,19,40991369,1000G 30x Modified
*20,CYP2B6,rs36056539,19,41006923,1000G 30x Modified
*43,CYP2B6,rs3745274,19,41006936,1000G 30x Modified
*43,CYP2B6,rs2279343,19,41009358,1000G 30x Modified
*21,CYP2B6,rs35010098,19,41012803,1000G 30x Modified
*36,CYP2B6,rs34223104,19,40991224,1000G 30x Modified
*23,CYP2B6,rs3211369,19,41016726,1000G 30x Modified
*24,CYP2B6,rs564083989,19,41016778,1000G 30x Modified
*25,CYP2B6,.,19,41016805,1000G 30x Modified
*26,CYP2B6,rs3826711,19,41006919,1000G 30x Modified
*43,CYP2B6,rs3745274,19,41006936,1000G 30x Modified
*43,CYP2B6,rs2279343,19,41009358,1000G 30x Modified
*35,CYP2B6,rs36079186,19,41007013,1000G 30x Modified
*28,CYP2B6,rs34698757,19,41010088,1000G 30x Modified
*28,CYP2B6,rs34097093,19,41012465,1000G 30x Modified
*3,CYP2B6,rs45482602,19,41009350,1000G 30x Modified
*31,CYP2B6,rs193922917,19,41010108,1000G 30x Modified
*32,CYP2B6,rs193922918,19,41012740,1000G 30x Modified
*34,CYP2B6,rs3211371,19,41016810,1000G 30x Modified
*36,CYP2B6,rs34223104,19,40991224,1000G 30x Modified
*43,CYP2B6,rs3745274,19,41006936,1000G 30x Modified
*43,CYP2B6,rs2279343,19,41009358,1000G 30x Modified
*34,CYP2B6,rs3211371,19,41016810,1000G 30x Modified
*36,CYP2B6,rs34223104,19,40991224,1000G 30x Modified
*35,CYP2B6,rs186335453,19,41004158,1000G 30x Modified
*35,CYP2B6,rs139801276,19,41004303,1000G 30x Modified
*35,CYP2B6,rs145884402,19,41004406,1000G 30x Modified
*35,CYP2B6,rs36079186,19,41007013,1000G 30x Modified
*35,CYP2B6,rs139029625,19,41010006,1000G 30x Modified
*36,CYP2B6,rs34223104,19,40991224,1000G 30x Modified
*43,CYP2B6,rs3745274,19,41006936,1000G 30x Modified
*43,CYP2B6,rs2279343,19,41009358,1000G 30x Modified
*43,CYP2B6,rs3745274,19,41006936,1000G 30x Modified
*37,CYP2B6,rs373489637,19,41006968,1000G 30x Modified
*43,CYP2B6,rs2279343,19,41009358,1000G 30x Modified
*38,CYP2B6,rs281864907,19,41004015,1000G 30x Modified
*43,CYP2B6,rs3745274,19,41006936,1000G 30x Modified
*43,CYP2B6,rs2279343,19,41009358,1000G 30x Modified
*39,CYP2B6,rs535039125,19,41004380,1000G 30x Modified
*43,CYP2B6,rs3745274,19,41006936,1000G 30x Modified
*43,CYP2B6,rs2279343,19,41009358,1000G 30x Modified
*43,CYP2B6,rs2279343,19,41009358,1000G 30x Modified
*43,CYP2B6,rs3745274,19,41006936,1000G 30x Modified
*43,CYP2B6,rs2279343,19,41009358,1000G 30x Modified
*40,CYP2B6,rs200458614,19,41012466,1000G 30x Modified
*43,CYP2B6,rs3745274,19,41006936,1000G 30x Modified
*43,CYP2B6,rs2279343,19,41009358,1000G 30x Modified
*41,CYP2B6,rs201500445,19,41012471,1000G 30x Modified
*43,CYP2B6,rs3745274,19,41006936,1000G 30x Modified
*43,CYP2B6,rs2279343,19,41009358,1000G 30x Modified
*42,CYP2B6,rs374099483,19,41016679,1000G 30x Modified
*43,CYP2B6,rs3745274,19,41006936,1000G 30x Modified
*43,CYP2B6,rs2279343,19,41009358,1000G 30x Modified
*43,CYP2B6,rs117872433,19,41016741,1000G 30x Modified
*44,CYP2B6,rs148009906,19,41004133,1000G 30x Modified
*45,CYP2B6,rs58871670,19,41006967,1000G 30x Modified
*46,CYP2B6,.,19,41009313,1000G 30x Modified
*48,CYP2B6,rs200238771,19,41012478,1000G 30x Modified
*49,CYP2B6,rs764288403,19,41016652,1000G 30x Modified
*34,CYP2B6,rs3211371,19,41016810,1000G 30x Modified
*43,CYP2B6,rs3745274,19,41006936,1000G 30x Modified
*43,CYP2B6,rs2279343,19,41009358,1000G 30x Modified
*43,CYP2B6,rs3745274,19,41006936,1000G 30x Modified
*43,CYP2B6,rs2279343,19,41009358,1000G 30x Modified
*34,CYP2B6,rs3211371,19,41016810,1000G 30x Modified
*13,CYP2B6,rs12721655,19,41004377,1000G 30x Modified
*43,CYP2B6,rs3745274,19,41006936,1000G 30x Modified
*4,CYP4F2,rs3093105,19,15897578,1000G 30x Modified
*4,CYP4F2,rs2108622,19,15879621,1000G 30x Modified
*4,CYP4F2,rs2108622,19,15879621,1000G 30x Modified
*4,CYP4F2,rs3093105,19,15897578,1000G 30x Modified
*5,CYP4F2,rs3093200,19,15878779,1000G 30x Modified
*6,CYP4F2,rs3093153,19,15890405,1000G 30x Modified
*7,CYP4F2,rs114099324,19,15897566,1000G 30x Modified
*172,CYP2D6,rs1135840,22,42126611,1000G 30x Modified
*147,CYP2D6,rs1065852,22,42130692,1000G 30x Modified
*172,CYP2D6,rs1135840,22,42126611,1000G 30x Modified
*100,CYP2D6,rs267608279,22,42127963,1000G 30x Modified
*147,CYP2D6,rs1065852,22,42130692,1000G 30x Modified
*172,CYP2D6,rs1135840,22,42126611,1000G 30x Modified
*101,CYP2D6,rs730882170,22,42127846,1000G 30x Modified
*147,CYP2D6,rs1065852,22,42130692,1000G 30x Modified
*172,CYP2D6,rs1135840,22,42126611,1000G 30x Modified
*172,CYP2D6,rs16947,22,42127941,1000G 30x Modified
*103,CYP2D6,rs267608309,22,42129821,1000G 30x Modified
*172,CYP2D6,rs1135840,22,42126611,1000G 30x Modified
*172,CYP2D6,rs16947,22,42127941,1000G 30x Modified
*121,CYP2D6,rs1135824,22,42129042,1000G 30x Modified
*103,CYP2D6,rs267608309,22,42129821,1000G 30x Modified
*172,CYP2D6,rs1135840,22,42126611,1000G 30x Modified
*172,CYP2D6,rs16947,22,42127941,1000G 30x Modified
*50,CYP2D6,rs267608302,22,42129071,1000G 30x Modified
*172,CYP2D6,rs1135840,22,42126611,1000G 30x Modified
*105,CYP2D6,rs1555888910,22,42127523,1000G 30x Modified
*172,CYP2D6,rs16947,22,42127941,1000G 30x Modified
*106,CYP2D6,rs28371733,22,42126914,1000G 30x Modified
*171,CYP2D6,rs61736512,22,42129132,1000G 30x Modified
*127,CYP2D6,rs202102799,22,42127556,1000G 30x Modified
*108,CYP2D6,rs61736517,22,42127565,1000G 30x Modified
*171,CYP2D6,rs59421388,22,42127608,1000G 30x Modified
*115,CYP2D6,rs5030656,22,42128176,1000G 30x Modified
*172,CYP2D6,rs1135840,22,42126611,1000G 30x Modified
*172,CYP2D6,rs16947,22,42127941,1000G 30x Modified
*11,CYP2D6,rs201377835,22,42129910,1000G 30x Modified
*110,CYP2D6,rs751092905,22,42126735,1000G 30x Modified
*172,CYP2D6,rs1135840,22,42126611,1000G 30x Modified
*172,CYP2D6,rs16947,22,42127941,1000G 30x Modified
*111,CYP2D6,rs535642512,22,42129759,1000G 30x Modified
*112,CYP2D6,rs568495591,22,42126605,1000G 30x Modified
*113,CYP2D6,rs569439709,22,42126752,1000G 30x Modified
*172,CYP2D6,rs1135840,22,42126611,1000G 30x Modified
*172,CYP2D6,rs16947,22,42127941,1000G 30x Modified
*114,CYP2D6,rs5030865,22,42129033,1000G 30x Modified
*147,CYP2D6,rs1065852,22,42130692,1000G 30x Modified
*132,CYP2D6,rs1135829,22,42127973,1000G 30x Modified
*115,CYP2D6,rs5030656,22,42128176,1000G 30x Modified
*116,CYP2D6,rs141009491,22,42127631,1000G 30x Modified
*172,CYP2D6,rs1135840,22,42126611,1000G 30x Modified
*117,CYP2D6,rs78209835,22,42127611,1000G 30x Modified
*172,CYP2D6,rs16947,22,42127941,1000G 30x Modified
*118,CYP2D6,.,22,42127899,1000G 30x Modified
*158,CYP2D6,rs28371725,22,42127803,1000G 30x Modified
*172,CYP2D6,rs1135840,22,42126611,1000G 30x Modified
*172,CYP2D6,rs16947,22,42127941,1000G 30x Modified
*12,CYP2D6,rs5030862,22,42130668,1000G 30x Modified
*172,CYP2D6,rs1135840,22,42126611,1000G 30x Modified
*172,CYP2D6,rs16947,22,42127941,1000G 30x Modified
*121,CYP2D6,rs1135826,22,42129036,1000G 30x Modified
*121,CYP2D6,rs1135825,22,42129037,1000G 30x Modified
*121,CYP2D6,rs1135824,22,42129042,1000G 30x Modified
*122,CYP2D6,rs61745683,22,42127512,1000G 30x Modified
*172,CYP2D6,rs1135840,22,42126611,1000G 30x Modified
*158,CYP2D6,rs28371725,22,42127803,1000G 30x Modified
*123,CYP2D6,rs1406719554,22,42127922,1000G 30x Modified
*172,CYP2D6,rs16947,22,42127941,1000G 30x Modified
*124,CYP2D6,rs757396767,22,42126982,1000G 30x Modified
*172,CYP2D6,rs1135840,22,42126611,1000G 30x Modified
*125,CYP2D6,rs369177208,22,42126719,1000G 30x Modified
*172,CYP2D6,rs16947,22,42127941,1000G 30x Modified
*172,CYP2D6,rs1135840,22,42126611,1000G 30x Modified
*172,CYP2D6,rs16947,22,42127941,1000G 30x Modified
*126,CYP2D6,rs781457579,22,42129134,1000G 30x Modified
*139,CYP2D6,rs1058172,22,42127526,1000G 30x Modified
*127,CYP2D6,rs202102799,22,42127556,1000G 30x Modified
*172,CYP2D6,rs1135840,22,42126611,1000G 30x Modified
*172,CYP2D6,rs16947,22,42127941,1000G 30x Modified
*128,CYP2D6,rs1456026511,22,42129887,1000G 30x Modified
*172,CYP2D6,rs1135840,22,42126611,1000G 30x Modified
*172,CYP2D6,rs16947,22,42127941,1000G 30x Modified
*129,CYP2D6,rs1180015037,22,42129155,1000G 30x Modified
*130,CYP2D6,.,22,42128878,1000G 30x Modified
*131,CYP2D6,rs17002853,22,42128325,1000G 30x Modified
*172,CYP2D6,rs1135840,22,42126611,1000G 30x Modified
*132,CYP2D6,rs1135829,22,42127973,1000G 30x Modified
*147,CYP2D6,rs1065852,22,42130692,1000G 30x Modified
*172,CYP2D6,rs1135840,22,42126611,1000G 30x Modified
*133,CYP2D6,.,22,42127602,1000G 30x Modified
*172,CYP2D6,rs16947,22,42127941,1000G 30x Modified
*134,CYP2D6,rs76088846,22,42127589,1000G 30x Modified
*172,CYP2D6,rs1135840,22,42126611,1000G 30x Modified
*135,CYP2D6,rs747089665,22,42126926,1000G 30x Modified
*172,CYP2D6,rs16947,22,42127941,1000G 30x Modified
*172,CYP2D6,rs1135840,22,42126611,1000G 30x Modified
*170,CYP2D6,rs3021084,22,42126877,1000G 30x Modified
*172,CYP2D6,rs16947,22,42127941,1000G 30x Modified
*137,CYP2D6,rs1440526469,22,42126578,1000G 30x Modified
*172,CYP2D6,rs1135840,22,42126611,1000G 30x Modified
*138,CYP2D6,rs141756339,22,42126647,1000G 30x Modified
*158,CYP2D6,rs28371725,22,42127803,1000G 30x Modified
*172,CYP2D6,rs16947,22,42127941,1000G 30x Modified
*139,CYP2D6,rs1058172,22,42127526,1000G 30x Modified
*172,CYP2D6,rs1135840,22,42126611,1000G 30x Modified
*172,CYP2D6,rs16947,22,42127941,1000G 30x Modified
*114,CYP2D6,rs5030865,22,42129033,1000G 30x Modified
*140,CYP2D6,rs373813287,22,42128329,1000G 30x Modified
*172,CYP2D6,rs1135840,22,42126611,1000G 30x Modified
*162,CYP2D6,rs769157652,22,42126938,1000G 30x Modified
*172,CYP2D6,rs16947,22,42127941,1000G 30x Modified
*154,CYP2D6,rs28371706,22,42129770,1000G 30x Modified
*172,CYP2D6,rs1135840,22,42126611,1000G 30x Modified
*147,CYP2D6,rs1065852,22,42130692,1000G 30x Modified
*142,CYP2D6,rs138100349,22,42130710,1000G 30x Modified
*143,CYP2D6,rs766391487,22,42129166,1000G 30x Modified
*172,CYP2D6,rs769258,22,42130761,1000G 30x Modified
*144,CYP2D6,rs377725912,22,42128351,1000G 30x Modified
*147,CYP2D6,rs72549356,22,42128942,1000G 30x Modified
*172,CYP2D6,rs1135840,22,42126611,1000G 30x Modified
*172,CYP2D6,rs16947,22,42127941,1000G 30x Modified
*148,CYP2D6,rs28371696,22,42130715,1000G 30x Modified
*172,CYP2D6,rs1135840,22,42126611,1000G 30x Modified
*147,CYP2D6,rs72549356,22,42128942,1000G 30x Modified
*147,CYP2D6,rs1065852,22,42130692,1000G 30x Modified
*172,CYP2D6,rs1135840,22,42126611,1000G 30x Modified
*162,CYP2D6,rs769157652,22,42126938,1000G 30x Modified
*172,CYP2D6,rs16947,22,42127941,1000G 30x Modified
*148,CYP2D6,rs28371696,22,42130715,1000G 30x Modified
*172,CYP2D6,rs1135840,22,42126611,1000G 30x Modified
*171,CYP2D6,rs59421388,22,42127608,1000G 30x Modified
*172,CYP2D6,rs16947,22,42127941,1000G 30x Modified
*149,CYP2D6,rs76802407,22,42129799,1000G 30x Modified
*15,CYP2D6,rs774671100,22,42130655,1000G 30x Modified
*172,CYP2D6,rs1135840,22,42126611,1000G 30x Modified
*172,CYP2D6,rs16947,22,42127941,1000G 30x Modified
*150,CYP2D6,rs763609904,22,42128820,1000G 30x Modified
*151,CYP2D6,rs1459127426,22,42128926,1000G 30x Modified
*152,CYP2D6,rs140900383,22,42128340,1000G 30x Modified
*153,CYP2D6,rs567606867,22,42128807,1000G 30x Modified
*172,CYP2D6,rs1135840,22,42126611,1000G 30x Modified
*154,CYP2D6,rs532668079,22,42126746,1000G 30x Modified
*172,CYP2D6,rs16947,22,42127941,1000G 30x Modified
*154,CYP2D6,rs28371706,22,42129770,1000G 30x Modified
*172,CYP2D6,rs1135840,22,42126611,1000G 30x Modified
*155,CYP2D6,rs760940331,22,42126715,1000G 30x Modified
*171,CYP2D6,rs59421388,22,42127608,1000G 30x Modified
*172,CYP2D6,rs16947,22,42127941,1000G 30x Modified
*172,CYP2D6,rs1135840,22,42126611,1000G 30x Modified
*171,CYP2D6,rs59421388,22,42127608,1000G 30x Modified
*172,CYP2D6,rs16947,22,42127941,1000G 30x Modified
*156,CYP2D6,rs536109057,22,42130638,1000G 30x Modified
*172,CYP2D6,rs1135840,22,42126611,1000G 30x Modified
*171,CYP2D6,rs59421388,22,42127608,1000G 30x Modified
*172,CYP2D6,rs16947,22,42127941,1000G 30x Modified
*157,CYP2D6,rs201006451,22,42129044,1000G 30x Modified
*172,CYP2D6,rs1135840,22,42126611,1000G 30x Modified
*158,CYP2D6,rs141824015,22,42127605,1000G 30x Modified
*158,CYP2D6,rs28371725,22,42127803,1000G 30x Modified
*172,CYP2D6,rs16947,22,42127941,1000G 30x Modified
*172,CYP2D6,rs1135840,22,42126611,1000G 30x Modified
*172,CYP2D6,rs16947,22,42127941,1000G 30x Modified
*159,CYP2D6,rs373243894,22,42130670,1000G 30x Modified
*172,CYP2D6,rs1135840,22,42126611,1000G 30x Modified
*172,CYP2D6,rs16947,22,42127941,1000G 30x Modified
*160,CYP2D6,rs28371704,22,42129809,1000G 30x Modified
*160,CYP2D6,rs28371703,22,42129819,1000G 30x Modified
*172,CYP2D6,rs1135840,22,42126611,1000G 30x Modified
*172,CYP2D6,rs16947,22,42127941,1000G 30x Modified
*161,CYP2D6,rs368858603,22,42128201,1000G 30x Modified
*171,CYP2D6,rs374616348,22,42129183,1000G 30x Modified
*172,CYP2D6,rs1135840,22,42126611,1000G 30x Modified
*162,CYP2D6,rs769157652,22,42126938,1000G 30x Modified
*172,CYP2D6,rs16947,22,42127941,1000G 30x Modified
*172,CYP2D6,rs1135840,22,42126611,1000G 30x Modified
*172,CYP2D6,rs16947,22,42127941,1000G 30x Modified
*163,CYP2D6,rs376636053,22,42129156,1000G 30x Modified
*172,CYP2D6,rs1135840,22,42126611,1000G 30x Modified
*172,CYP2D6,rs1135840,22,42126611,1000G 30x Modified
*171,CYP2D6,rs59421388,22,42127608,1000G 30x Modified
*172,CYP2D6,rs16947,22,42127941,1000G 30x Modified
*165,CYP2D6,rs556882139,22,42128932,1000G 30x Modified
*172,CYP2D6,rs1135840,22,42126611,1000G 30x Modified
*172,CYP2D6,rs16947,22,42127941,1000G 30x Modified
*166,CYP2D6,rs777691989,22,42128329,1000G 30x Modified
*167,CYP2D6,.,22,42129740,1000G 30x Modified
*168,CYP2D6,rs755518310,22,42128864,1000G 30x Modified
*168,CYP2D6,rs118203758,22,42130667,1000G 30x Modified
*169,CYP2D6,rs1602566413,22,42126962,1000G 30x Modified
*172,CYP2D6,rs1135840,22,42126611,1000G 30x Modified
*172,CYP2D6,rs16947,22,42127941,1000G 30x Modified
*154,CYP2D6,rs28371706,22,42129770,1000G 30x Modified
*170,CYP2D6,rs3021084,22,42126877,1000G 30x Modified
*172,CYP2D6,rs1135840,22,42126611,1000G 30x Modified
*171,CYP2D6,rs59421388,22,42127608,1000G 30x Modified
*172,CYP2D6,rs16947,22,42127941,1000G 30x Modified
*171,CYP2D6,rs374616348,22,42129183,1000G 30x Modified
*172,CYP2D6,rs1135840,22,42126611,1000G 30x Modified
*172,CYP2D6,rs16947,22,42127941,1000G 30x Modified
*172,CYP2D6,rs563185985,22,42129753,1000G 30x Modified
*172,CYP2D6,rs769258,22,42130761,1000G 30x Modified
*116,CYP2D6,rs141009491,22,42127631,1000G 30x Modified
*172,CYP2D6,rs1135840,22,42126611,1000G 30x Modified
*171,CYP2D6,rs59421388,22,42127608,1000G 30x Modified
*172,CYP2D6,rs16947,22,42127941,1000G 30x Modified
*172,CYP2D6,rs769258,22,42130761,1000G 30x Modified
*86,CYP2D6,rs1135828,22,42128181,1000G 30x Modified
*18,CYP2D6,rs765776661,22,42126666,1000G 30x Modified
*19,CYP2D6,rs72549353,22,42128251,1000G 30x Modified
*172,CYP2D6,rs1135840,22,42126611,1000G 30x Modified
*172,CYP2D6,rs16947,22,42127941,1000G 30x Modified
*172,CYP2D6,rs1135840,22,42126611,1000G 30x Modified
*172,CYP2D6,rs16947,22,42127941,1000G 30x Modified
*20,CYP2D6,rs72549354,22,42128817,1000G 30x Modified
*172,CYP2D6,rs1135840,22,42126611,1000G 30x Modified
*172,CYP2D6,rs16947,22,42127941,1000G 30x Modified
*21,CYP2D6,rs72549352,22,42128218,1000G 30x Modified
*142,CYP2D6,rs138100349,22,42130710,1000G 30x Modified
*23,CYP2D6,rs267608310,22,42129836,1000G 30x Modified
*24,CYP2D6,rs949717872,22,42127938,1000G 30x Modified
*25,CYP2D6,rs267608295,22,42127593,1000G 30x Modified
*26,CYP2D6,.,22,42127514,1000G 30x Modified
*162,CYP2D6,rs769157652,22,42126938,1000G 30x Modified
*172,CYP2D6,rs1135840,22,42126611,1000G 30x Modified
*172,CYP2D6,rs16947,22,42127941,1000G 30x Modified
*28,CYP2D6,rs78482768,22,42129087,1000G 30x Modified
*28,CYP2D6,rs72549358,22,42130773,1000G 30x Modified
*172,CYP2D6,rs1135840,22,42126611,1000G 30x Modified
*171,CYP2D6,rs59421388,22,42127608,1000G 30x Modified
*172,CYP2D6,rs16947,22,42127941,1000G 30x Modified
*3,CYP2D6,rs35742686,22,42128242,1000G 30x Modified
*172,CYP2D6,rs1135840,22,42126611,1000G 30x Modified
*172,CYP2D6,rs16947,22,42127941,1000G 30x Modified
*147,CYP2D6,rs72549356,22,42128942,1000G 30x Modified
*172,CYP2D6,rs1135840,22,42126611,1000G 30x Modified
*31,CYP2D6,rs267608319,22,42126749,1000G 30x Modified
*172,CYP2D6,rs16947,22,42127941,1000G 30x Modified
*172,CYP2D6,rs1135840,22,42126611,1000G 30x Modified
*162,CYP2D6,rs769157652,22,42126938,1000G 30x Modified
*158,CYP2D6,rs28371725,22,42127803,1000G 30x Modified
*172,CYP2D6,rs16947,22,42127941,1000G 30x Modified
*33,CYP2D6,rs28371717,22,42128308,1000G 30x Modified
*172,CYP2D6,rs16947,22,42127941,1000G 30x Modified
*172,CYP2D6,rs1135840,22,42126611,1000G 30x Modified
*172,CYP2D6,rs16947,22,42127941,1000G 30x Modified
*172,CYP2D6,rs769258,22,42130761,1000G 30x Modified
*172,CYP2D6,rs1135840,22,42126611,1000G 30x Modified
*147,CYP2D6,rs1065852,22,42130692,1000G 30x Modified
*172,CYP2D6,rs1135840,22,42126611,1000G 30x Modified
*37,CYP2D6,rs745365204,22,42128848,1000G 30x Modified
*147,CYP2D6,rs1065852,22,42130692,1000G 30x Modified
*38,CYP2D6,rs72549351,22,42128203,1000G 30x Modified
*172,CYP2D6,rs1135840,22,42126611,1000G 30x Modified
*4,CYP2D6,rs3892097,22,42128945,1000G 30x Modified
*172,CYP2D6,rs1135840,22,42126611,1000G 30x Modified
*172,CYP2D6,rs16947,22,42127941,1000G 30x Modified
*147,CYP2D6,rs72549356,22,42128942,1000G 30x Modified
*154,CYP2D6,rs28371706,22,42129770,1000G 30x Modified
*172,CYP2D6,rs1135840,22,42126611,1000G 30x Modified
*158,CYP2D6,rs28371725,22,42127803,1000G 30x Modified
*172,CYP2D6,rs16947,22,42127941,1000G 30x Modified
*172,CYP2D6,rs1135840,22,42126611,1000G 30x Modified
*42,CYP2D6,rs72549346,22,42127533,1000G 30x Modified
*172,CYP2D6,rs16947,22,42127941,1000G 30x Modified
*148,CYP2D6,rs28371696,22,42130715,1000G 30x Modified
*44,CYP2D6,rs72549349,22,42127841,1000G 30x Modified
*142,CYP2D6,rs138100349,22,42130710,1000G 30x Modified
*172,CYP2D6,rs1135840,22,42126611,1000G 30x Modified
*172,CYP2D6,rs16947,22,42127941,1000G 30x Modified
*46,CYP2D6,rs28371710,22,42129075,1000G 30x Modified
*172,CYP2D6,rs1135840,22,42126611,1000G 30x Modified
*172,CYP2D6,rs16947,22,42127941,1000G 30x Modified
*46,CYP2D6,rs28371710,22,42129075,1000G 30x Modified
*148,CYP2D6,rs28371696,22,42130715,1000G 30x Modified
*172,CYP2D6,rs1135840,22,42126611,1000G 30x Modified
*147,CYP2D6,rs1065852,22,42130692,1000G 30x Modified
*47,CYP2D6,rs267608313,22,42130719,1000G 30x Modified
*103,CYP2D6,rs267608309,22,42129821,1000G 30x Modified
*172,CYP2D6,rs1135840,22,42126611,1000G 30x Modified
*53,CYP2D6,rs1135822,22,42129180,1000G 30x Modified
*147,CYP2D6,rs1065852,22,42130692,1000G 30x Modified
*50,CYP2D6,rs267608302,22,42129071,1000G 30x Modified
*172,CYP2D6,rs1135840,22,42126611,1000G 30x Modified
*51,CYP2D6,rs72549348,22,42127619,1000G 30x Modified
*172,CYP2D6,rs16947,22,42127941,1000G 30x Modified
*172,CYP2D6,rs1135840,22,42126611,1000G 30x Modified
*106,CYP2D6,rs28371733,22,42126914,1000G 30x Modified
*147,CYP2D6,rs1065852,22,42130692,1000G 30x Modified
*53,CYP2D6,rs1135823,22,42129174,1000G 30x Modified
*53,CYP2D6,rs1135822,22,42129180,1000G 30x Modified
*172,CYP2D6,rs1135840,22,42126611,1000G 30x Modified
*54,CYP2D6,rs267608297,22,42128235,1000G 30x Modified
*147,CYP2D6,rs1065852,22,42130692,1000G 30x Modified
*172,CYP2D6,rs1135840,22,42126611,1000G 30x Modified
*55,CYP2D6,rs1931013246,22,42126956,1000G 30x Modified
*172,CYP2D6,rs16947,22,42127941,1000G 30x Modified
*172,CYP2D6,rs1135840,22,42126611,1000G 30x Modified
*56,CYP2D6,rs72549347,22,42127590,1000G 30x Modified
*172,CYP2D6,rs1135840,22,42126611,1000G 30x Modified
*172,CYP2D6,rs16947,22,42127941,1000G 30x Modified
*147,CYP2D6,rs72549356,22,42128942,1000G 30x Modified
*154,CYP2D6,rs28371706,22,42129770,1000G 30x Modified
*172,CYP2D6,rs1135840,22,42126611,1000G 30x Modified
*59,CYP2D6,rs79292917,22,42127852,1000G 30x Modified
*172,CYP2D6,rs16947,22,42127941,1000G 30x Modified
*6,CYP2D6,rs5030655,22,42129084,1000G 30x Modified
*60,CYP2D6,.,22,42128903,1000G 30x Modified
*62,CYP2D6,rs730882251,22,42126747,1000G 30x Modified
*172,CYP2D6,rs1135840,22,42126611,1000G 30x Modified
*154,CYP2D6,rs28371706,22,42129770,1000G 30x Modified
*147,CYP2D6,rs1065852,22,42130692,1000G 30x Modified
*172,CYP2D6,rs1135840,22,42126611,1000G 30x Modified
*172,CYP2D6,rs16947,22,42127941,1000G 30x Modified
*147,CYP2D6,rs1065852,22,42130692,1000G 30x Modified
*172,CYP2D6,rs1135840,22,42126611,1000G 30x Modified
*158,CYP2D6,rs28371725,22,42127803,1000G 30x Modified
*172,CYP2D6,rs16947,22,42127941,1000G 30x Modified
*147,CYP2D6,rs1065852,22,42130692,1000G 30x Modified
*7,CYP2D6,rs5030867,22,42127856,1000G 30x Modified
*172,CYP2D6,rs1135840,22,42126611,1000G 30x Modified
*171,CYP2D6,rs59421388,22,42127608,1000G 30x Modified
*171,CYP2D6,rs374616348,22,42129183,1000G 30x Modified
*168,CYP2D6,rs118203758,22,42130667,1000G 30x Modified
*172,CYP2D6,rs1135840,22,42126611,1000G 30x Modified
*72,CYP2D6,rs75386357,22,42127473,1000G 30x Modified
*147,CYP2D6,rs1065852,22,42130692,1000G 30x Modified
*172,CYP2D6,rs1135840,22,42126611,1000G 30x Modified
*172,CYP2D6,rs16947,22,42127941,1000G 30x Modified
*73,CYP2D6,rs267608308,22,42129780,1000G 30x Modified
*160,CYP2D6,rs28371703,22,42129819,1000G 30x Modified
*154,CYP2D6,rs532668079,22,42126746,1000G 30x Modified
*172,CYP2D6,rs1135840,22,42126611,1000G 30x Modified
*172,CYP2D6,rs16947,22,42127941,1000G 30x Modified
*114,CYP2D6,rs5030865,22,42129033,1000G 30x Modified
*86,CYP2D6,rs1135828,22,42128181,1000G 30x Modified
*86,CYP2D6,rs77913725,22,42128185,1000G 30x Modified
*81,CYP2D6,rs367543000,22,42128212,1000G 30x Modified
*82,CYP2D6,rs78459009,22,42129765,1000G 30x Modified
*88,CYP2D6,rs76187628,22,42129779,1000G 30x Modified
*160,CYP2D6,rs28371704,22,42129809,1000G 30x Modified
*160,CYP2D6,rs28371703,22,42129819,1000G 30x Modified
*172,CYP2D6,rs1135840,22,42126611,1000G 30x Modified
*172,CYP2D6,rs1135840,22,42126611,1000G 30x Modified
*172,CYP2D6,rs16947,22,42127941,1000G 30x Modified
*84,CYP2D6,rs148769737,22,42128217,1000G 30x Modified
*172,CYP2D6,rs1135840,22,42126611,1000G 30x Modified
*85,CYP2D6,.,22,42126634,1000G 30x Modified
*172,CYP2D6,rs16947,22,42127941,1000G 30x Modified
*86,CYP2D6,rs1135828,22,42128181,1000G 30x Modified
*86,CYP2D6,rs77913725,22,42128185,1000G 30x Modified
*172,CYP2D6,rs1135840,22,42126611,1000G 30x Modified
*147,CYP2D6,rs1065852,22,42130692,1000G 30x Modified
*87,CYP2D6,rs773790593,22,42130778,1000G 30x Modified
*172,CYP2D6,rs1135840,22,42126611,1000G 30x Modified
*88,CYP2D6,rs76187628,22,42129779,1000G 30x Modified
*89,CYP2D6,rs375135093,22,42129113,1000G 30x Modified
*115,CYP2D6,rs5030656,22,42128176,1000G 30x Modified
*90,CYP2D6,rs569229126,22,42129098,1000G 30x Modified
*158,CYP2D6,rs28371725,22,42127803,1000G 30x Modified
*172,CYP2D6,rs16947,22,42127941,1000G 30x Modified
*91,CYP2D6,.,22,42129056,1000G 30x Modified
*93,CYP2D6,.,22,42128272,1000G 30x Modified
*172,CYP2D6,rs1135840,22,42126611,1000G 30x Modified
*94,CYP2D6,rs748712690,22,42127610,1000G 30x Modified
*147,CYP2D6,rs1065852,22,42130692,1000G 30x Modified
*172,CYP2D6,rs1135840,22,42126611,1000G 30x Modified
*95,CYP2D6,rs77312092,22,42127457,1000G 30x Modified
*147,CYP2D6,rs1065852,22,42130692,1000G 30x Modified
*96,CYP2D6,rs763964554,22,42126896,1000G 30x Modified
*97,CYP2D6,.,22,42126697,1000G 30x Modified
*172,CYP2D6,rs1135840,22,42126611,1000G 30x Modified
*98,CYP2D6,.,22,42126681,1000G 30x Modified
*172,CYP2D6,rs16947,22,42127941,1000G 30x Modified
*172,CYP2D6,rs1135840,22,42126611,1000G 30x Modified
*99,CYP2D6,rs267608276,22,42129827,1000G 30x Modified
*147,CYP2D6,rs1065852,22,42130692,1000G 30x Modified
