haplotype,gene,rsid,chr,pos
CYP2B6*2,CYP2B6,rs8192709,19,41497274
CYP2B6*3,CYP2B6,rs45482602,19,41515255
CYP2B6*4,CYP2B6,rs2279343,19,41515263
CYP2B6*5,CYP2B6,rs3211371,19,41522715
CYP2B6*6,CYP2B6,rs3745274,19,41512841
CYP2B6*6,CYP2B6,rs2279343,19,41515263
CYP2B6*7,CYP2B6,rs3745274,19,41512841
CYP2B6*7,CYP2B6,rs2279343,19,41515263
CYP2B6*7,CYP2B6,rs3211371,19,41522715
CYP2B6*8,CYP2B6,rs12721655,19,41510282
CYP2B6*9,CYP2B6,rs3745274,19,41512841
CYP2B6*10,CYP2B6,rs34883432,19,41497272
CYP2B6*10,CYP2B6,rs8192709,19,41497274
CYP2B6*11,CYP2B6,rs35303484,19,41497346
CYP2B6*12,CYP2B6,rs36060847,19,41510030
CYP2B6*13,CYP2B6,rs12721655,19,41510282
CYP2B6*13,CYP2B6,rs3745274,19,41512841
CYP2B6*13,CYP2B6,rs2279343,19,41515263
CYP2B6*14,CYP2B6,rs35773040,19,41510286
CYP2B6*15,CYP2B6,rs35979566,19,41518598
CYP2B6*17,CYP2B6,rs33973337,19,41497286
CYP2B6*17,CYP2B6,rs33980385,19,41497293
CYP2B6*17,CYP2B6,rs33926104,19,41497295
CYP2B6*17,CYP2B6,rs34284776,19,41497296
CYP2B6*18,CYP2B6,rs28399499,19,41518221
CYP2B6*19,CYP2B6,rs3745274,19,41512841
CYP2B6*19,CYP2B6,rs2279343,19,41515263
CYP2B6*19,CYP2B6,rs34826503,19,41518244
CYP2B6*20,CYP2B6,rs36056539,19,41512828
CYP2B6*20,CYP2B6,rs3745274,19,41512841
CYP2B6*20,CYP2B6,rs2279343,19,41515263
CYP2B6*21,CYP2B6,rs35010098,19,41518708
CYP2B6*22,CYP2B6,rs34223104,19,41497129
CYP2B6*23,CYP2B6,rs3211369,19,41522631
CYP2B6*24,CYP2B6,rs564083989,19,41522683
CYP2B6*25,CYP2B6,-,19,41522710
CYP2B6*26,CYP2B6,rs3826711,19,41512824
CYP2B6*26,CYP2B6,rs3745274,19,41512841
CYP2B6*26,CYP2B6,rs2279343,19,41515263
CYP2B6*27,CYP2B6,rs36079186,19,41512918
CYP2B6*28,CYP2B6,rs34698757,19,41515993
CYP2B6*28,CYP2B6,rs34097093,19,41518370
CYP2B6*31,CYP2B6,rs193922917,19,41516013
CYP2B6*32,CYP2B6,rs193922918,19,41518645
CYP2B6*33,CYP2B6,rs3211371,19,41522715
CYP2B6*34,CYP2B6,rs34223104,19,41497129
CYP2B6*34,CYP2B6,rs3745274,19,41512841
CYP2B6*34,CYP2B6,rs2279343,19,41515263
CYP2B6*34,CYP2B6,rs3211371,19,41522715
CYP2B6*35,CYP2B6,rs34223104,19,41497129
CYP2B6*35,CYP2B6,rs186335453,19,41510063
CYP2B6*35,CYP2B6,rs139801276,19,41510208
CYP2B6*35,CYP2B6,rs145884402,19,41510311
CYP2B6*35,CYP2B6,rs36079186,19,41512918
CYP2B6*35,CYP2B6,rs139029625,19,41515911
CYP2B6*36,CYP2B6,rs34223104,19,41497129
CYP2B6*36,CYP2B6,rs3745274,19,41512841
CYP2B6*36,CYP2B6,rs2279343,19,41515263
CYP2B6*37,CYP2B6,rs3745274,19,41512841
CYP2B6*37,CYP2B6,rs373489637,19,41512873
CYP2B6*37,CYP2B6,rs2279343,19,41515263
CYP2B6*38,CYP2B6,rs281864907,19,41509920
CYP2B6*38,CYP2B6,rs3745274,19,41512841
CYP2B6*38,CYP2B6,rs2279343,19,41515263
CYP2B6*39,CYP2B6,rs535039125,19,41510285
CYP2B6*39,CYP2B6,rs2279343,19,41515263
CYP2B6*39,CYP2B6,rs3745274,19,41512841
CYP2B6*40,CYP2B6,rs3745274,19,41512841
CYP2B6*40,CYP2B6,rs2279343,19,41515263
CYP2B6*40,CYP2B6,rs200458614,19,41518371
CYP2B6*41,CYP2B6,rs3745274,19,41512841
CYP2B6*41,CYP2B6,rs2279343,19,41515263
CYP2B6*41,CYP2B6,rs201500445,19,41518376
CYP2B6*42,CYP2B6,rs3745274,19,41512841
CYP2B6*42,CYP2B6,rs2279343,19,41515263
CYP2B6*42,CYP2B6,rs374099483,19,41522584
CYP2B6*43,CYP2B6,rs3745274,19,41512841
CYP2B6*43,CYP2B6,rs2279343,19,41515263
CYP2B6*43,CYP2B6,rs117872433,19,41522646
CYP2B6*44,CYP2B6,rs148009906,19,41510038
CYP2B6*45,CYP2B6,rs58871670,19,41512872
CYP2B6*46,CYP2B6,-,19,41515218
CYP2B6*47,CYP2B6,rs754621576,19,41518298
CYP2B6*47,CYP2B6,rs780991919,19,41518299
CYP2B6*48,CYP2B6,rs200238771,19,41518383
CYP2B6*49,CYP2B6,rs764288403,19,41522557
CYP2C9*2,CYP2C9,rs1799853,10,96702047
CYP2C9*3,CYP2C9,rs1057910,10,96741053
CYP2C9*4,CYP2C9,rs56165452,10,96741054
CYP2C9*5,CYP2C9,rs28371686,10,96741058
CYP2C9*6,CYP2C9,rs9332131,10,96709040
CYP2C9*7,CYP2C9,rs67807361,10,96698494
CYP2C9*8,CYP2C9,rs7900194,10,96702066
CYP2C9*9,CYP2C9,rs2256871,10,96708974
CYP2C9*10,CYP2C9,rs9332130,10,96709037
CYP2C9*11,CYP2C9,rs28371685,10,96740981
CYP2C9*12,CYP2C9,rs9332239,10,96748777
CYP2C9*13,CYP2C9,rs72558187,10,96701715
CYP2C9*14,CYP2C9,rs72558189,10,96701991
CYP2C9*15,CYP2C9,rs72558190,10,96707539
CYP2C9*16,CYP2C9,rs72558192,10,96731936
CYP2C9*17,CYP2C9,-,10,96741122
CYP2C9*18,CYP2C9,rs1057910,10,96741053
CYP2C9*18,CYP2C9,rs72558193,10,96745830
CYP2C9*19,CYP2C9,rs769942899,10,96748674
CYP2C9*20,CYP2C9,rs371055887,10,96701654
CYP2C9*21,CYP2C9,rs142240658,10,96698528
CYP2C9*22,CYP2C9,rs2031308986,10,96698560
CYP2C9*23,CYP2C9,-,10,96701672
CYP2C9*24,CYP2C9,rs749060448,10,96741038
CYP2C9*25,CYP2C9,rs1304490498,10,96701970
CYP2C9*26,CYP2C9,-,10,96702006
CYP2C9*27,CYP2C9,rs7900194,10,96702066
CYP2C9*28,CYP2C9,rs2031531005,10,96707695
CYP2C9*29,CYP2C9,rs182132442,10,96731876
CYP2C9*30,CYP2C9,rs781583846,10,96748741
CYP2C9*31,CYP2C9,rs57505750,10,96740958
CYP2C9*32,CYP2C9,rs868182778,10,96748780
CYP2C9*33,CYP2C9,rs200183364,10,96702012
CYP2C9*34,CYP2C9,rs367826293,10,96740982
CYP2C9*35,CYP2C9,rs72558189,10,96701991
CYP2C9*35,CYP2C9,rs1799853,10,96702047
CYP2C9*36,CYP2C9,rs114071557,10,96698440
CYP2C9*37,CYP2C9,rs564813580,10,96698585
CYP2C9*38,CYP2C9,-,10,96701733
CYP2C9*39,CYP2C9,rs762239445,10,96701739
CYP2C9*40,CYP2C9,-,10,96701775
CYP2C9*41,CYP2C9,rs774607211,10,96701973
CYP2C9*42,CYP2C9,rs12414460,10,96701988
CYP2C9*43,CYP2C9,rs767576260,10,96701987
CYP2C9*44,CYP2C9,rs200965026,10,96702006
CYP2C9*45,CYP2C9,rs199523631,10,96702011
CYP2C9*46,CYP2C9,rs754487195,10,96702062
CYP2C9*47,CYP2C9,rs774550549,10,96707542
CYP2C9*48,CYP2C9,rs1326630788,10,96707674
CYP2C9*49,CYP2C9,-,10,96708886
CYP2C9*50,CYP2C9,-,10,96708901
CYP2C9*51,CYP2C9,-,10,96731891
CYP2C9*52,CYP2C9,rs988617574,10,96731937
CYP2C9*53,CYP2C9,rs1237225311,10,96731990
CYP2C9*54,CYP2C9,rs750820937,10,96741007
CYP2C9*55,CYP2C9,rs1250577724,10,96741059
CYP2C9*56,CYP2C9,rs764211126,10,96745799
CYP2C9*57,CYP2C9,-,10,96707664
CYP2C9*58,CYP2C9,rs1274535931,10,96740987
CYP2C9*59,CYP2C9,-,10,96748612
CYP2C9*60,CYP2C9,rs767284820,10,96748712
CYP2C9*61,CYP2C9,rs1799853,10,96702047
CYP2C9*61,CYP2C9,rs202201137,10,96748682
CYP2C9*62,CYP2C9,rs375805362,10,96701990
CYP2C9*63,CYP2C9,rs141489852,10,96702048
CYP2C9*64,CYP2C9,-,10,96731880
CYP2C9*65,CYP2C9,-,10,96740956
CYP2C9*66,CYP2C9,rs578144976,10,96741062
CYP2C9*67,CYP2C9,rs776908257,10,96748609
CYP2C9*68,CYP2C9,rs542577750,10,96741128
CYP2C9*68,CYP2C9,rs1057910,10,96741053
CYP2C9*69,CYP2C9,-,10,96707626
CYP2C9*70,CYP2C9,-,10,96748637
CYP2C9*71,CYP2C9,rs9332130,10,96709037
CYP2C9*71,CYP2C9,rs9332239,10,96748777
CYP2C9*72,CYP2C9,rs1289704600,10,96702063
CYP2C9*73,CYP2C9,rs17847037,10,96702065
CYP2C9*74,CYP2C9,rs370100007,10,96707696
CYP2C9*75,CYP2C9,rs1254213342,10,96745893
CYP2C9*76,CYP2C9,rs1364419386,10,96698557
CYP2C9*77,CYP2C9,-,10,96701732
CYP2C9*78,CYP2C9,rs1375956433,10,96702000
CYP2C9*79,CYP2C9,rs1297714792,10,96741015
CYP2C9*80,CYP2C9,-,10,96698476
CYP2C9*81,CYP2C9,-,10,96731940
CYP2C9*82,CYP2C9,rs772782449,10,96708902
CYP2C9*83,CYP2C9,-,10,96698545
CYP2C9*84,CYP2C9,rs1441296358,10,96745931
CYP2C9*85,CYP2C9,-,10,96708920
CYP2C19*2,CYP2C19,rs12769205,10,96535124
CYP2C19*2,CYP2C19,rs4244285,10,96541616
CYP2C19*3,CYP2C19,rs4986893,10,96540410
CYP2C19*4,CYP2C19,rs28399504,10,96522463
CYP2C19*5,CYP2C19,rs56337013,10,96612495
CYP2C19*6,CYP2C19,rs72552267,10,96535210
CYP2C19*7,CYP2C19,rs72558186,10,96541756
CYP2C19*8,CYP2C19,rs41291556,10,96535173
CYP2C19*9,CYP2C19,rs17884712,10,96535246
CYP2C19*10,CYP2C19,rs6413438,10,96541615
CYP2C19*11,CYP2C19,rs58973490,10,96535264
CYP2C19*12,CYP2C19,rs55640102,10,96612671
CYP2C19*13,CYP2C19,rs17879685,10,96609752
CYP2C19*14,CYP2C19,rs55752064,10,96522512
CYP2C19*15,CYP2C19,rs17882687,10,96522517
CYP2C19*16,CYP2C19,rs192154563,10,96612522
CYP2C19*16,CYP2C19,rs3758581,10,96602623
CYP2C19*17,CYP2C19,rs12248560,10,96521657
CYP2C19*18,CYP2C19,rs138142612,10,96602618
CYP2C19*19,CYP2C19,rs1564657013,10,96522613
CYP2C19*22,CYP2C19,rs140278421,10,96540331
CYP2C19*23,CYP2C19,rs118203756,10,96534917
CYP2C19*24,CYP2C19,rs118203757,10,96602636
CYP2C19*25,CYP2C19,rs118203759,10,96612542
CYP2C19*26,CYP2C19,rs375781227,10,96541701
CYP2C19*28,CYP2C19,rs17882687,10,96522517
CYP2C19*28,CYP2C19,rs113934938,10,96602752
CYP2C19*29,CYP2C19,rs1564656981,10,96522545
CYP2C19*30,CYP2C19,rs145328984,10,96534863
CYP2C19*30,CYP2C19,rs3758581,10,96602623
CYP2C19*31,CYP2C19,rs1564660997,10,96534878
CYP2C19*32,CYP2C19,rs1288601658,10,96534942
CYP2C19*33,CYP2C19,rs370803989,10,96540336
CYP2C19*34,CYP2C19,rs367543002,10,96522469
CYP2C19*34,CYP2C19,rs367543003,10,96522472
CYP2C19*34,CYP2C19,rs3758581,10,96602623
CYP2C19*35,CYP2C19,rs12769205,10,96535124
CYP2C19*38,CYP2C19,rs3758581,10,96602623
CYP2C19*39,CYP2C19,rs17882687,10,96522517
CYP2C19*39,CYP2C19,rs17885179,10,96535180
CYP2D6*1,CYP2D6,rs1135840,22,42522613
CYP2D6*1,CYP2D6,rs16947,22,42523943
CYP2D6*3,CYP2D6,rs35742686,22,42524244
CYP2D6*3,CYP2D6,rs1135840,22,42522613
CYP2D6*3,CYP2D6,rs16947,22,42523943
CYP2D6*4,CYP2D6,rs3892097,22,42524947
CYP2D6*6,CYP2D6,rs5030655,22,42525086
CYP2D6*6,CYP2D6,rs16947,22,42523943
CYP2D6*7,CYP2D6,rs5030867,22,42523858
CYP2D6*7,CYP2D6,rs1135840,22,42522613
CYP2D6*7,CYP2D6,rs16947,22,42523943
CYP2D6*8,CYP2D6,rs5030865,22,42525035
CYP2D6*9,CYP2D6,rs5030656,22,42524178
CYP2D6*9,CYP2D6,rs1135840,22,42522613
CYP2D6*9,CYP2D6,rs16947,22,42523943
CYP2D6*10,CYP2D6,rs1065852,22,42526694
CYP2D6*10,CYP2D6,rs16947,22,42523943
CYP2D6*11,CYP2D6,rs201377835,22,42525912
CYP2D6*12,CYP2D6,rs5030862,22,42526670
CYP2D6*14,CYP2D6,rs5030865,22,42525035
CYP2D6*15,CYP2D6,rs774671100,22,42526657
CYP2D6*15,CYP2D6,rs1135840,22,42522613
CYP2D6*15,CYP2D6,rs16947,22,42523943
CYP2D6*17,CYP2D6,rs28371706,22,42525772
CYP2D6*18,CYP2D6,rs765776661,22,42522668
CYP2D6*18,CYP2D6,rs1135840,22,42522613
CYP2D6*18,CYP2D6,rs16947,22,42523943
CYP2D6*19,CYP2D6,rs72549353,22,42524253
CYP2D6*20,CYP2D6,rs72549354,22,42524819
CYP2D6*20,CYP2D6,rs199535154,22,42524814
CYP2D6*20,CYP2D6,rs150163869,22,42524815
CYP2D6*21,CYP2D6,rs72549352,22,42524220
CYP2D6*22,CYP2D6,rs138100349,22,42526712
CYP2D6*22,CYP2D6,rs1135840,22,42522613
CYP2D6*22,CYP2D6,rs16947,22,42523943
CYP2D6*23,CYP2D6,rs267608310,22,42525838
CYP2D6*23,CYP2D6,rs1135840,22,42522613
CYP2D6*23,CYP2D6,rs16947,22,42523943
CYP2D6*24,CYP2D6,rs949717872,22,42523940
CYP2D6*24,CYP2D6,rs1135840,22,42522613
CYP2D6*24,CYP2D6,rs16947,22,42523943
CYP2D6*25,CYP2D6,rs267608295,22,42523595
CYP2D6*25,CYP2D6,rs1135840,22,42522613
CYP2D6*25,CYP2D6,rs16947,22,42523943
CYP2D6*26,CYP2D6,-,22,42523516
CYP2D6*26,CYP2D6,rs1135840,22,42522613
CYP2D6*26,CYP2D6,rs16947,22,42523943
CYP2D6*27,CYP2D6,rs769157652,22,42522940
CYP2D6*27,CYP2D6,rs1135840,22,42522613
CYP2D6*27,CYP2D6,rs16947,22,42523943
CYP2D6*28,CYP2D6,rs72549358,22,42526775
CYP2D6*28,CYP2D6,rs78482768,22,42525089
CYP2D6*29,CYP2D6,rs61736512,22,42525134
CYP2D6*29,CYP2D6,rs59421388,22,42523610
CYP2D6*30,CYP2D6,rs72549356,22,42524944
CYP2D6*31,CYP2D6,rs267608319,22,42522751
CYP2D6*32,CYP2D6,rs769157652,22,42522940
CYP2D6*32,CYP2D6,rs28371725,22,42523805
CYP2D6*33,CYP2D6,rs28371717,22,42524310
CYP2D6*33,CYP2D6,rs1135840,22,42522613
CYP2D6*33,CYP2D6,rs16947,22,42523943
CYP2D6*34,CYP2D6,rs1135840,22,42522613
CYP2D6*35,CYP2D6,rs769258,22,42526763
CYP2D6*36,CYP2D6,rs1065852,22,42526694
CYP2D6*36,CYP2D6,rs1135833,22,42522665
CYP2D6*36,CYP2D6,rs1135835,22,42522662
CYP2D6*36,CYP2D6,rs28371735,22,42522638
CYP2D6*36,CYP2D6,rs766507177,22,42522637
CYP2D6*36,CYP2D6,-,22,42522635
CYP2D6*36,CYP2D6,-,22,42522629
CYP2D6*36,CYP2D6,rs74478221,22,42522626
CYP2D6*36,CYP2D6,rs75467367,22,42522625
CYP2D6*36,CYP2D6,rs16947,22,42523943
CYP2D6*37,CYP2D6,rs1065852,22,42526694
CYP2D6*37,CYP2D6,rs745365204,22,42524850
CYP2D6*37,CYP2D6,rs16947,22,42523943
CYP2D6*38,CYP2D6,rs72549351,22,42524205
CYP2D6*38,CYP2D6,rs1135840,22,42522613
CYP2D6*38,CYP2D6,rs16947,22,42523943
CYP2D6*39,CYP2D6,rs16947,22,42523943
CYP2D6*40,CYP2D6,rs28371706,22,42525772
CYP2D6*40,CYP2D6,rs72549356,22,42524944
CYP2D6*41,CYP2D6,rs28371725,22,42523805
CYP2D6*42,CYP2D6,rs72549346,22,42523535
CYP2D6*43,CYP2D6,rs28371696,22,42526717
CYP2D6*43,CYP2D6,rs1135840,22,42522613
CYP2D6*43,CYP2D6,rs16947,22,42523943
CYP2D6*44,CYP2D6,rs138100349,22,42526712
CYP2D6*44,CYP2D6,rs72549349,22,42523843
CYP2D6*44,CYP2D6,rs1135840,22,42522613
CYP2D6*44,CYP2D6,rs16947,22,42523943
CYP2D6*45,CYP2D6,rs28371710,22,42525077
CYP2D6*46,CYP2D6,rs28371696,22,42526717
CYP2D6*46,CYP2D6,rs28371710,22,42525077
CYP2D6*47,CYP2D6,rs267608313,22,42526721
CYP2D6*47,CYP2D6,rs1065852,22,42526694
CYP2D6*47,CYP2D6,rs16947,22,42523943
CYP2D6*48,CYP2D6,rs267608309,22,42525823
CYP2D6*48,CYP2D6,rs1135840,22,42522613
CYP2D6*48,CYP2D6,rs16947,22,42523943
CYP2D6*49,CYP2D6,rs1065852,22,42526694
CYP2D6*49,CYP2D6,rs1135822,22,42525182
CYP2D6*49,CYP2D6,rs16947,22,42523943
CYP2D6*50,CYP2D6,rs267608302,22,42525073
CYP2D6*50,CYP2D6,rs1135840,22,42522613
CYP2D6*50,CYP2D6,rs16947,22,42523943
CYP2D6*51,CYP2D6,rs72549348,22,42523621
CYP2D6*52,CYP2D6,rs1065852,22,42526694
CYP2D6*52,CYP2D6,rs28371733,22,42522916
CYP2D6*52,CYP2D6,rs16947,22,42523943
CYP2D6*53,CYP2D6,rs1135822,22,42525182
CYP2D6*53,CYP2D6,rs1135823,22,42525176
CYP2D6*53,CYP2D6,rs1135840,22,42522613
CYP2D6*53,CYP2D6,rs16947,22,42523943
CYP2D6*54,CYP2D6,rs1065852,22,42526694
CYP2D6*54,CYP2D6,rs267608297,22,42524237
CYP2D6*54,CYP2D6,rs16947,22,42523943
CYP2D6*55,CYP2D6,rs1931013246,22,42522958
CYP2D6*56,CYP2D6,rs72549347,22,42523592
CYP2D6*57,CYP2D6,rs1065852,22,42526694
CYP2D6*57,CYP2D6,rs267608311,22,42525908
CYP2D6*57,CYP2D6,rs1135833,22,42522665
CYP2D6*57,CYP2D6,rs1135835,22,42522662
CYP2D6*57,CYP2D6,rs28371735,22,42522638
CYP2D6*57,CYP2D6,rs766507177,22,42522637
CYP2D6*57,CYP2D6,-,22,42522635
CYP2D6*57,CYP2D6,-,22,42522629
CYP2D6*57,CYP2D6,rs75467367,22,42522625
CYP2D6*57,CYP2D6,rs74478221,22,42522626
CYP2D6*57,CYP2D6,rs16947,22,42523943
CYP2D6*58,CYP2D6,rs28371706,22,42525772
CYP2D6*58,CYP2D6,rs72549356,22,42524944
CYP2D6*59,CYP2D6,rs79292917,22,42523854
CYP2D6*60,CYP2D6,-,22,42524905
CYP2D6*60,CYP2D6,rs1135840,22,42522613
CYP2D6*60,CYP2D6,rs16947,22,42523943
CYP2D6*62,CYP2D6,rs730882251,22,42522749
CYP2D6*62,CYP2D6,rs1135840,22,42522613
CYP2D6*62,CYP2D6,rs16947,22,42523943
CYP2D6*64,CYP2D6,rs1065852,22,42526694
CYP2D6*64,CYP2D6,rs28371706,22,42525772
CYP2D6*64,CYP2D6,rs16947,22,42523943
CYP2D6*65,CYP2D6,rs1065852,22,42526694
CYP2D6*69,CYP2D6,rs1065852,22,42526694
CYP2D6*69,CYP2D6,rs28371725,22,42523805
CYP2D6*70,CYP2D6,rs374616348,22,42525185
CYP2D6*70,CYP2D6,rs61736512,22,42525134
CYP2D6*70,CYP2D6,rs59421388,22,42523610
CYP2D6*70,CYP2D6,rs16947,22,42523943
CYP2D6*71,CYP2D6,rs118203758,22,42526669
CYP2D6*71,CYP2D6,rs1135840,22,42522613
CYP2D6*71,CYP2D6,rs16947,22,42523943
CYP2D6*72,CYP2D6,rs1065852,22,42526694
CYP2D6*72,CYP2D6,rs75386357,22,42523475
CYP2D6*72,CYP2D6,rs16947,22,42523943
CYP2D6*73,CYP2D6,rs267608308,22,42525782
CYP2D6*74,CYP2D6,rs28371703,22,42525821
CYP2D6*74,CYP2D6,rs1135840,22,42522613
CYP2D6*74,CYP2D6,rs16947,22,42523943
CYP2D6*75,CYP2D6,rs532668079,22,42522748
CYP2D6*75,CYP2D6,rs1135840,22,42522613
CYP2D6*75,CYP2D6,rs16947,22,42523943
CYP2D6*81,CYP2D6,rs367543000,22,42524214
CYP2D6*81,CYP2D6,rs77913725,22,42524187
CYP2D6*81,CYP2D6,rs1135828,22,42524183
CYP2D6*81,CYP2D6,rs1135840,22,42522613
CYP2D6*81,CYP2D6,rs16947,22,42523943
CYP2D6*82,CYP2D6,rs28371703,22,42525821
CYP2D6*82,CYP2D6,rs28371704,22,42525811
CYP2D6*82,CYP2D6,rs76187628,22,42525781
CYP2D6*82,CYP2D6,rs74802369,22,42525773
CYP2D6*82,CYP2D6,rs28371706,22,42525772
CYP2D6*82,CYP2D6,rs78459009,22,42525767
CYP2D6*82,CYP2D6,rs1135840,22,42522613
CYP2D6*82,CYP2D6,rs16947,22,42523943
CYP2D6*83,CYP2D6,rs1135833,22,42522665
CYP2D6*83,CYP2D6,rs1135835,22,42522662
CYP2D6*83,CYP2D6,rs28371735,22,42522638
CYP2D6*83,CYP2D6,rs766507177,22,42522637
CYP2D6*83,CYP2D6,-,22,42522635
CYP2D6*83,CYP2D6,-,22,42522629
CYP2D6*83,CYP2D6,rs75467367,22,42522625
CYP2D6*83,CYP2D6,rs74478221,22,42522626
CYP2D6*83,CYP2D6,rs16947,22,42523943
CYP2D6*84,CYP2D6,rs148769737,22,42524219
CYP2D6*85,CYP2D6,-,22,42522636
CYP2D6*86,CYP2D6,rs77913725,22,42524187
CYP2D6*86,CYP2D6,rs1135828,22,42524183
CYP2D6*86,CYP2D6,rs1135840,22,42522613
CYP2D6*86,CYP2D6,rs16947,22,42523943
CYP2D6*87,CYP2D6,rs773790593,22,42526780
CYP2D6*87,CYP2D6,rs1065852,22,42526694
CYP2D6*87,CYP2D6,rs16947,22,42523943
CYP2D6*88,CYP2D6,rs76187628,22,42525781
CYP2D6*88,CYP2D6,rs16947,22,42523943
CYP2D6*89,CYP2D6,rs375135093,22,42525115
CYP2D6*89,CYP2D6,rs1135840,22,42522613
CYP2D6*89,CYP2D6,rs16947,22,42523943
CYP2D6*90,CYP2D6,rs569229126,22,42525100
CYP2D6*90,CYP2D6,rs1135840,22,42522613
CYP2D6*90,CYP2D6,rs16947,22,42523943
CYP2D6*91,CYP2D6,-,22,42525058
CYP2D6*91,CYP2D6,rs28371725,22,42523805
CYP2D6*91,CYP2D6,rs1135840,22,42522613
CYP2D6*92,CYP2D6,-,22,42524798
CYP2D6*92,CYP2D6,rs1135840,22,42522613
CYP2D6*92,CYP2D6,rs16947,22,42523943
CYP2D6*93,CYP2D6,-,22,42524274
CYP2D6*93,CYP2D6,rs1135840,22,42522613
CYP2D6*93,CYP2D6,rs16947,22,42523943
CYP2D6*94,CYP2D6,rs1065852,22,42526694
CYP2D6*94,CYP2D6,rs748712690,22,42523612
CYP2D6*94,CYP2D6,rs16947,22,42523943
CYP2D6*95,CYP2D6,rs1065852,22,42526694
CYP2D6*95,CYP2D6,rs77312092,22,42523459
CYP2D6*95,CYP2D6,rs16947,22,42523943
CYP2D6*96,CYP2D6,rs763964554,22,42522898
CYP2D6*96,CYP2D6,rs1135840,22,42522613
CYP2D6*96,CYP2D6,rs16947,22,42523943
CYP2D6*97,CYP2D6,-,22,42522699
CYP2D6*97,CYP2D6,rs1135840,22,42522613
CYP2D6*97,CYP2D6,rs16947,22,42523943
CYP2D6*98,CYP2D6,-,22,42522683
CYP2D6*99,CYP2D6,rs1065852,22,42526694
CYP2D6*99,CYP2D6,rs267608276,22,42525829
CYP2D6*99,CYP2D6,rs16947,22,42523943
CYP2D6*100,CYP2D6,rs1065852,22,42526694
CYP2D6*100,CYP2D6,rs267608279,22,42523965
CYP2D6*100,CYP2D6,rs16947,22,42523943
CYP2D6*101,CYP2D6,rs1065852,22,42526694
CYP2D6*101,CYP2D6,rs730882170,22,42523848
CYP2D6*101,CYP2D6,rs16947,22,42523943
CYP2D6*102,CYP2D6,rs267608309,22,42525823
CYP2D6*103,CYP2D6,rs267608309,22,42525823
CYP2D6*103,CYP2D6,rs1135824,22,42525044
CYP2D6*104,CYP2D6,-,22,42525073
CYP2D6*105,CYP2D6,rs1555888910,22,42523525
CYP2D6*106,CYP2D6,rs28371733,22,42522916
CYP2D6*106,CYP2D6,rs1135840,22,42522613
CYP2D6*106,CYP2D6,rs16947,22,42523943
CYP2D6*107,CYP2D6,rs61736512,22,42525134
CYP2D6*107,CYP2D6,rs1135840,22,42522613
CYP2D6*107,CYP2D6,rs16947,22,42523943
CYP2D6*108,CYP2D6,rs61736517,22,42523567
CYP2D6*108,CYP2D6,rs202102799,22,42523558
CYP2D6*108,CYP2D6,rs1135840,22,42522613
CYP2D6*108,CYP2D6,rs16947,22,42523943
CYP2D6*109,CYP2D6,rs5030656,22,42524178
CYP2D6*109,CYP2D6,rs59421388,22,42523610
CYP2D6*109,CYP2D6,rs1135840,22,42522613
CYP2D6*109,CYP2D6,rs16947,22,42523943
CYP2D6*110,CYP2D6,rs751092905,22,42522737
CYP2D6*110,CYP2D6,rs1135840,22,42522613
CYP2D6*110,CYP2D6,rs16947,22,42523943
CYP2D6*111,CYP2D6,rs535642512,22,42525761
CYP2D6*112,CYP2D6,rs568495591,22,42522607
CYP2D6*112,CYP2D6,rs1135840,22,42522613
CYP2D6*112,CYP2D6,rs16947,22,42523943
CYP2D6*113,CYP2D6,rs569439709,22,42522754
CYP2D6*113,CYP2D6,rs1135840,22,42522613
CYP2D6*113,CYP2D6,rs16947,22,42523943
CYP2D6*114,CYP2D6,rs1065852,22,42526694
CYP2D6*114,CYP2D6,rs5030865,22,42525035
CYP2D6*115,CYP2D6,rs5030656,22,42524178
CYP2D6*115,CYP2D6,rs1135829,22,42523975
CYP2D6*115,CYP2D6,rs1135840,22,42522613
CYP2D6*115,CYP2D6,rs16947,22,42523943
CYP2D6*116,CYP2D6,rs141009491,22,42523633
CYP2D6*116,CYP2D6,rs1135840,22,42522613
CYP2D6*116,CYP2D6,rs16947,22,42523943
CYP2D6*117,CYP2D6,rs78209835,22,42523613
CYP2D6*118,CYP2D6,-,22,42523901
CYP2D6*118,CYP2D6,rs1135840,22,42522613
CYP2D6*118,CYP2D6,rs16947,22,42523943
CYP2D6*119,CYP2D6,rs28371725,22,42523805
CYP2D6*119,CYP2D6,rs1135840,22,42522613
CYP2D6*119,CYP2D6,rs16947,22,42523943
CYP2D6*120,CYP2D6,-,22,42526731
CYP2D6*120,CYP2D6,rs1135840,22,42522613
CYP2D6*120,CYP2D6,rs16947,22,42523943
CYP2D6*121,CYP2D6,rs1135824,22,42525044
CYP2D6*121,CYP2D6,rs1135825,22,42525039
CYP2D6*121,CYP2D6,rs1135826,22,42525038
CYP2D6*122,CYP2D6,rs61745683,22,42523514
CYP2D6*122,CYP2D6,rs1135840,22,42522613
CYP2D6*122,CYP2D6,rs16947,22,42523943
CYP2D6*123,CYP2D6,rs1406719554,22,42523924
CYP2D6*123,CYP2D6,rs28371725,22,42523805
CYP2D6*124,CYP2D6,rs757396767,22,42522984
CYP2D6*124,CYP2D6,rs1135840,22,42522613
CYP2D6*124,CYP2D6,rs16947,22,42523943
CYP2D6*125,CYP2D6,rs369177208,22,42522721
CYP2D6*126,CYP2D6,rs781457579,22,42525136
CYP2D6*127,CYP2D6,rs202102799,22,42523558
CYP2D6*127,CYP2D6,rs1058172,22,42523528
CYP2D6*127,CYP2D6,rs1135840,22,42522613
CYP2D6*127,CYP2D6,rs16947,22,42523943
CYP2D6*128,CYP2D6,rs1456026511,22,42525889
CYP2D6*129,CYP2D6,rs1180015037,22,42525157
CYP2D6*130,CYP2D6,-,22,42524881
CYP2D6*130,CYP2D6,-,22,42524880
CYP2D6*130,CYP2D6,rs1135840,22,42522613
CYP2D6*130,CYP2D6,rs16947,22,42523943
CYP2D6*131,CYP2D6,rs17002853,22,42524327
CYP2D6*131,CYP2D6,rs1135840,22,42522613
CYP2D6*131,CYP2D6,rs16947,22,42523943
CYP2D6*132,CYP2D6,rs1065852,22,42526694
CYP2D6*132,CYP2D6,rs1135829,22,42523975
CYP2D6*132,CYP2D6,rs16947,22,42523943
CYP2D6*133,CYP2D6,-,22,42523604
CYP2D6*134,CYP2D6,rs76088846,22,42523591
CYP2D6*134,CYP2D6,rs1135840,22,42522613
CYP2D6*134,CYP2D6,rs16947,22,42523943
CYP2D6*135,CYP2D6,rs747089665,22,42522928
CYP2D6*136,CYP2D6,rs3021084,22,42522879
CYP2D6*137,CYP2D6,rs1440526469,22,42522580
CYP2D6*137,CYP2D6,rs1135840,22,42522613
CYP2D6*137,CYP2D6,rs16947,22,42523943
CYP2D6*138,CYP2D6,rs28371725,22,42523805
CYP2D6*138,CYP2D6,rs141756339,22,42522649
CYP2D6*139,CYP2D6,rs1058172,22,42523528
CYP2D6*139,CYP2D6,rs1135840,22,42522613
CYP2D6*139,CYP2D6,rs16947,22,42523943
CYP2D6*140,CYP2D6,rs373813287,22,42524331
CYP2D6*140,CYP2D6,rs1135840,22,42522613
CYP2D6*140,CYP2D6,rs16947,22,42523943
CYP2D6*141,CYP2D6,rs28371706,22,42525772
CYP2D6*141,CYP2D6,rs769157652,22,42522940
CYP2D6*141,CYP2D6,rs1135833,22,42522665
CYP2D6*141,CYP2D6,rs1135835,22,42522662
CYP2D6*141,CYP2D6,rs28371735,22,42522638
CYP2D6*141,CYP2D6,rs766507177,22,42522637
CYP2D6*141,CYP2D6,-,22,42522635
CYP2D6*141,CYP2D6,-,22,42522629
CYP2D6*141,CYP2D6,rs74478221,22,42522626
CYP2D6*141,CYP2D6,rs75467367,22,42522625
CYP2D6*142,CYP2D6,rs138100349,22,42526712
CYP2D6*142,CYP2D6,rs1065852,22,42526694
CYP2D6*142,CYP2D6,rs16947,22,42523943
CYP2D6*143,CYP2D6,rs769258,22,42526763
CYP2D6*143,CYP2D6,rs766391487,22,42525168
CYP2D6*143,CYP2D6,rs1135840,22,42522613
CYP2D6*143,CYP2D6,rs16947,22,42523943
CYP2D6*144,CYP2D6,rs377725912,22,42524353
CYP2D6*144,CYP2D6,rs1135840,22,42522613
CYP2D6*144,CYP2D6,rs16947,22,42523943
CYP2D6*145,CYP2D6,rs72549356,22,42524944
CYP2D6*145,CYP2D6,rs1135840,22,42522613
CYP2D6*145,CYP2D6,rs16947,22,42523943
CYP2D6*146,CYP2D6,rs28371696,22,42526717
CYP2D6*147,CYP2D6,rs1065852,22,42526694
CYP2D6*147,CYP2D6,rs16947,22,42523943
CYP2D6*147,CYP2D6,rs72549356,22,42524944
CYP2D6*148,CYP2D6,rs28371696,22,42526717
CYP2D6*148,CYP2D6,rs769157652,22,42522940
CYP2D6*149,CYP2D6,rs59421388,22,42523610
CYP2D6*149,CYP2D6,rs76802407,22,42525801
CYP2D6*149,CYP2D6,rs61736512,22,42525134
CYP2D6*150,CYP2D6,rs763609904,22,42524822
CYP2D6*150,CYP2D6,rs199535154,22,42524814
CYP2D6*150,CYP2D6,rs150163869,22,42524815
CYP2D6*151,CYP2D6,rs1459127426,22,42524928
CYP2D6*151,CYP2D6,rs16947,22,42523943
CYP2D6*151,CYP2D6,rs1135840,22,42522613
CYP2D6*152,CYP2D6,rs140900383,22,42524342
CYP2D6*152,CYP2D6,rs16947,22,42523943
CYP2D6*152,CYP2D6,rs1135840,22,42522613
CYP2D6*153,CYP2D6,rs567606867,22,42524809
CYP2D6*153,CYP2D6,rs16947,22,42523943
CYP2D6*153,CYP2D6,rs1135840,22,42522613
CYP2D6*154,CYP2D6,rs28371706,22,42525772
CYP2D6*154,CYP2D6,rs532668079,22,42522748
CYP2D6*155,CYP2D6,rs61736512,22,42525134
CYP2D6*155,CYP2D6,rs59421388,22,42523610
CYP2D6*155,CYP2D6,rs760940331,22,42522717
CYP2D6*156,CYP2D6,rs536109057,22,42526640
CYP2D6*156,CYP2D6,rs61736512,22,42525134
CYP2D6*156,CYP2D6,rs59421388,22,42523610
CYP2D6*157,CYP2D6,rs61736512,22,42525134
CYP2D6*157,CYP2D6,rs201006451,22,42525046
CYP2D6*157,CYP2D6,rs59421388,22,42523610
CYP2D6*158,CYP2D6,rs28371725,22,42523805
CYP2D6*158,CYP2D6,rs141824015,22,42523607
CYP2D6*159,CYP2D6,rs373243894,22,42526672
CYP2D6*160,CYP2D6,rs28371703,22,42525821
CYP2D6*160,CYP2D6,rs28371704,22,42525811
CYP2D6*161,CYP2D6,rs374616348,22,42525185
CYP2D6*161,CYP2D6,rs368858603,22,42524203
CYP2D6*162,CYP2D6,rs769157652,22,42522940
CYP2D6*163,CYP2D6,rs376636053,22,42525158
CYP2D6*164,CYP2D6,rs61736512,22,42525134
CYP2D6*165,CYP2D6,rs61736512,22,42525134
CYP2D6*165,CYP2D6,rs556882139,22,42524934
CYP2D6*165,CYP2D6,rs59421388,22,42523610
CYP2D6*166,CYP2D6,rs777691989,22,42524331
CYP2D6*167,CYP2D6,-,22,42525742
CYP2D6*167,CYP2D6,rs16947,22,42523943
CYP2D6*167,CYP2D6,rs1135840,22,42522613
CYP2D6*168,CYP2D6,rs118203758,22,42526669
CYP2D6*168,CYP2D6,rs755518310,22,42524866
CYP2D6*168,CYP2D6,rs16947,22,42523943
CYP2D6*168,CYP2D6,rs1135840,22,42522613
CYP2D6*169,CYP2D6,rs1602566413,22,42522964
CYP2D6*169,CYP2D6,rs16947,22,42523943
CYP2D6*169,CYP2D6,rs1135840,22,42522613
CYP2D6*170,CYP2D6,rs3021084,22,42522879
CYP2D6*170,CYP2D6,rs16947,22,42523943
CYP2D6*170,CYP2D6,rs1135840,22,42522613
CYP2D6*171,CYP2D6,rs374616348,22,42525185
CYP2D6*171,CYP2D6,rs61736512,22,42525134
CYP2D6*171,CYP2D6,rs59421388,22,42523610
CYP2D6*172,CYP2D6,rs769258,22,42526763
CYP2D6*172,CYP2D6,rs563185985,22,42525755
CYP3A4*2,CYP3A4,rs55785340,7,99365983
CYP3A4*3,CYP3A4,rs4986910,7,99358524
CYP3A4*4,CYP3A4,rs55951658,7,99367825
CYP3A4*5,CYP3A4,rs55901263,7,99365994
CYP3A4*6,CYP3A4,rs4646438,7,99364035
CYP3A4*7,CYP3A4,rs56324128,7,99375702
CYP3A4*8,CYP3A4,rs72552799,7,99367788
CYP3A4*9,CYP3A4,rs72552798,7,99367404
CYP3A4*10,CYP3A4,rs4986908,7,99367392
CYP3A4*11,CYP3A4,rs67784355,7,99359829
CYP3A4*12,CYP3A4,rs12721629,7,99359800
CYP3A4*13,CYP3A4,rs4986909,7,99359670
CYP3A4*14,CYP3A4,rs12721634,7,99381661
CYP3A4*15,CYP3A4,rs4986907,7,99367427
CYP3A4*16,CYP3A4,rs12721627,7,99366093
CYP3A4*17,CYP3A4,rs4987161,7,99366081
CYP3A4*18,CYP3A4,rs28371759,7,99361626
CYP3A4*19,CYP3A4,rs4986913,7,99358459
CYP3A4*20,CYP3A4,rs67666821,7,99355811
CYP3A4*21,CYP3A4,rs201821708,7,99361548
CYP3A4*22,CYP3A4,rs35599367,7,99366316
CYP3A4*23,CYP3A4,rs57409622,7,99367428
CYP3A4*24,CYP3A4,rs113667357,7,99366047
CYP3A4*26,CYP3A4,rs138105638,7,99364063
CYP3A4*28,CYP3A4,rs570051168,7,99381641
CYP3A4*29,CYP3A4,rs1449865051,7,99367840
CYP3A4*30,CYP3A4,rs778013004,7,99367789
CYP3A4*31,CYP3A4,rs1303250043,7,99361532
CYP3A4*32,CYP3A4,rs368296206,7,99361500
CYP3A4*33,CYP3A4,rs756833413,7,99359809
CYP3A4*34,CYP3A4,rs774109750,7,99358579
CYP3A4*35,CYP3A4,rs188389063,7,99381698
CYP3A4*37,CYP3A4,rs35599367,7,99366316
CYP3A4*37,CYP3A4,rs4986910,7,99358524
CYP3A4*38,CYP3A4,rs67784355,7,99359829
CYP3A4*38,CYP3A4,rs4986910,7,99358524
CYP3A5*1,CYP3A5,rs776746,7,99270539
CYP3A5*6,CYP3A5,rs10264272,7,99262835
CYP3A5*6,CYP3A5,rs776746,7,99270539
CYP3A5*7,CYP3A5,rs41303343,7,99250393
CYP3A5*7,CYP3A5,rs776746,7,99270539
CYP3A5*8,CYP3A5,rs55817950,7,99273821
CYP3A5*8,CYP3A5,rs776746,7,99270539
CYP3A5*9,CYP3A5,rs28383479,7,99258139
CYP3A5*9,CYP3A5,rs776746,7,99270539
CYP4F2*2,CYP4F2,rs3093105,19,16008388
CYP4F2*3,CYP4F2,rs2108622,19,15990431
CYP4F2*4,CYP4F2,rs3093105,19,16008388
CYP4F2*4,CYP4F2,rs2108622,19,15990431
CYP4F2*5,CYP4F2,rs3093200,19,15989589
CYP4F2*6,CYP4F2,rs3093153,19,16001215
CYP4F2*7,CYP4F2,rs114099324,19,16008376
NUDT15*2,NUDT15,rs746071566,13,48611937
NUDT15*2,NUDT15,rs116855232,13,48619855
NUDT15*3,NUDT15,rs116855232,13,48619855
NUDT15*4,NUDT15,rs147390019,13,48619856
NUDT15*5,NUDT15,rs186364861,13,48611934
NUDT15*6,NUDT15,rs746071566,13,48611937
NUDT15*7,NUDT15,rs766023281,13,48611983
NUDT15*8,NUDT15,-,13,48611985
NUDT15*9,NUDT15,rs746071566,13,48611932
NUDT15*10,NUDT15,rs769369441,13,48611884
NUDT15*11,NUDT15,rs1950545307,13,48612021
NUDT15*12,NUDT15,rs149436418,13,48612038
NUDT15*13,NUDT15,rs761191455,13,48615240
NUDT15*14,NUDT15,rs777311140,13,48611962
NUDT15*15,NUDT15,rs139551410,13,48619907
NUDT15*16,NUDT15,rs1202487323,13,48611970
NUDT15*17,NUDT15,rs1368252918,13,48615249
NUDT15*18,NUDT15,rs1457579126,13,48615118
NUDT15*19,NUDT15,-,13,48611885
NUDT15*20,NUDT15,rs768324690,13,48619826
SLCO1B1*2,SLCO1B1,rs56101265,12,21325716
SLCO1B1*3,SLCO1B1,rs56061388,12,21327529
SLCO1B1*3,SLCO1B1,rs72559745,12,21329817
SLCO1B1*4,SLCO1B1,rs11045819,12,21329813
SLCO1B1*5,SLCO1B1,rs4149056,12,21331549
SLCO1B1*6,SLCO1B1,rs55901008,12,21353529
SLCO1B1*7,SLCO1B1,rs56387224,12,21355583
SLCO1B1*8,SLCO1B1,rs72559748,12,21358855
SLCO1B1*9,SLCO1B1,rs59502379,12,21358933
SLCO1B1*10,SLCO1B1,rs56199088,12,21392011
SLCO1B1*11,SLCO1B1,rs55737008,12,21392047
SLCO1B1*12,SLCO1B1,rs56101265,12,21325716
SLCO1B1*12,SLCO1B1,rs56199088,12,21392011
SLCO1B1*13,SLCO1B1,rs56061388,12,21327529
SLCO1B1*13,SLCO1B1,rs55737008,12,21392047
SLCO1B1*13,SLCO1B1,rs72559745,12,21329817
SLCO1B1*14,SLCO1B1,rs2306283,12,21329738
SLCO1B1*14,SLCO1B1,rs11045819,12,21329813
SLCO1B1*15,SLCO1B1,rs2306283,12,21329738
SLCO1B1*15,SLCO1B1,rs4149056,12,21331549
SLCO1B1*16,SLCO1B1,rs2306282,12,21329802
SLCO1B1*19,SLCO1B1,rs34671512,12,21391976
SLCO1B1*20,SLCO1B1,rs2306283,12,21329738
SLCO1B1*20,SLCO1B1,rs34671512,12,21391976
SLCO1B1*23,SLCO1B1,rs373327528,12,21325710
SLCO1B1*24,SLCO1B1,rs2306283,12,21329738
SLCO1B1*24,SLCO1B1,rs11045852,12,21349885
SLCO1B1*25,SLCO1B1,rs2306283,12,21329738
SLCO1B1*25,SLCO1B1,rs11045819,12,21329813
SLCO1B1*25,SLCO1B1,rs11045852,12,21349885
SLCO1B1*25,SLCO1B1,rs11045853,12,21349910
SLCO1B1*26,SLCO1B1,rs142965323,12,21355598
SLCO1B1*27,SLCO1B1,rs2306283,12,21329738
SLCO1B1*27,SLCO1B1,rs59113707,12,21355489
SLCO1B1*28,SLCO1B1,rs2306283,12,21329738
SLCO1B1*28,SLCO1B1,rs11045852,12,21349885
SLCO1B1*28,SLCO1B1,rs11045853,12,21349910
SLCO1B1*29,SLCO1B1,rs2306283,12,21329738
SLCO1B1*29,SLCO1B1,rs140790673,12,21392092
SLCO1B1*30,SLCO1B1,rs2306283,12,21329738
SLCO1B1*30,SLCO1B1,rs79135870,12,21331891
SLCO1B1*31,SLCO1B1,rs2306283,12,21329738
SLCO1B1*31,SLCO1B1,rs59502379,12,21358933
SLCO1B1*32,SLCO1B1,rs2306283,12,21329738
SLCO1B1*32,SLCO1B1,rs11045819,12,21329813
SLCO1B1*32,SLCO1B1,rs11045852,12,21349885
SLCO1B1*33,SLCO1B1,rs139257324,12,21325668
SLCO1B1*33,SLCO1B1,rs2306283,12,21329738
SLCO1B1*33,SLCO1B1,rs11045852,12,21349885
SLCO1B1*33,SLCO1B1,rs11045853,12,21349910
SLCO1B1*34,SLCO1B1,rs200995543,12,21392079
SLCO1B1*36,SLCO1B1,rs1228465562,12,21355487
SLCO1B1*37,SLCO1B1,rs2306283,12,21329738
SLCO1B1*38,SLCO1B1,-,12,21329805
SLCO1B1*39,SLCO1B1,rs2306283,12,21329738
SLCO1B1*39,SLCO1B1,rs183501729,12,21349909
SLCO1B1*40,SLCO1B1,rs4149056,12,21331549
SLCO1B1*40,SLCO1B1,rs34671512,12,21391976
SLCO1B1*41,SLCO1B1,rs77271279,12,21329832
SLCO1B1*42,SLCO1B1,rs2306283,12,21329738
SLCO1B1*42,SLCO1B1,rs141467543,12,21331546
SLCO1B1*43,SLCO1B1,rs2306283,12,21329738
SLCO1B1*43,SLCO1B1,rs11045819,12,21329813
SLCO1B1*43,SLCO1B1,rs11045852,12,21349885
SLCO1B1*43,SLCO1B1,rs74064213,12,21358965
SLCO1B1*44,SLCO1B1,rs2306283,12,21329738
SLCO1B1*44,SLCO1B1,rs11045852,12,21349885
SLCO1B1*44,SLCO1B1,rs74064213,12,21358965
SLCO1B1*45,SLCO1B1,rs71581941,12,21375289
SLCO1B1*46,SLCO1B1,rs2306283,12,21329738
SLCO1B1*46,SLCO1B1,rs4149056,12,21331549
SLCO1B1*46,SLCO1B1,rs71581941,12,21375289
SLCO1B1*47,SLCO1B1,rs2306283,12,21329738
SLCO1B1*47,SLCO1B1,rs4149056,12,21331549
SLCO1B1*47,SLCO1B1,rs72559747,12,21353478
